<?xml version="1.0" encoding="UTF-8"?>
<!-- Hungarian FBReaderJ resources, by L. B. Szabó.  -->
<resources>
	<node name="library" value="FBReader könyvtár">
		<node name="unknownAuthor" value="Ismeretlen szerző"/>
		<node name="booksWithNoTags" value="Címke nélküli könyvek"/>
		<node name="demo" value="minta"/>
		<node name="byAuthor" value="Szerző">
			<node name="summary" value="Könyvek szerző szerint"/>
		</node>
		<node name="byTitle" value="Cím">
			<node name="summary" value="Könyvek cím szerint"/>
		</node>
		<node name="bySeries" value="Sorozat">
			<node name="summary" value="Könyvek sorozat szerint"/>
		</node>
		<node name="byTag" value="Címkék">
			<node name="summary" value="Könyvek címkék szerint"/>
		</node>
		<node name="recent" value="Legutóbbi">
			<node name="summary" value="Legutóbb megnyitott könyvek"/>
		</node>
		<node name="favorites" value="Kedvencek">
			<node name="summary" value="Kedvencnek jelölt könyveim"/>
		</node>
		<node name="chooseView" value="Choose view" toBeTranslated="true"/>
		<node name="wideCardsView" value="Wide cards" toBeTranslated="true"/>
		<node name="smallCardsView" value="Small cards" toBeTranslated="true"/>
		<node name="tinyCardsView" value="Tiny cards" toBeTranslated="true"/>
		<node name="coversView" value="Covers" toBeTranslated="true"/>
		<node name="oldView" value="Classic" toBeTranslated="true"/>
		<node name="bookshelfView" value="Bookshelf view" toBeTranslated="true">
			<node name="summary" value="Switch to thumbnail view" toBeTranslated="true"/>
		</node>
		<node name="found" value="Találatok">
			<node name="summary" value="Keresés: %s"/>
		</node>
		<node name="sync" value="Synchronisation" toBeTranslated="true">
			<node name="summary" value="Books by synchronisation status" toBeTranslated="true"/>
			<node name="sync-success" value="Synchronised" toBeTranslated="true">
				<node name="summary" value="Books successfully uploaded to the server" toBeTranslated="true"/>
			</node>
			<node name="sync-failure" value="Synchronisation failed" toBeTranslated="true">
				<node name="summary" value="Books not uploaded to the server due to errors" toBeTranslated="true"/>
			</node>
			<node name="sync-deleted" value="Deleted from server" toBeTranslated="true">
				<node name="summary" value="Books no longer accessible from the server" toBeTranslated="true"/>
			</node>
			<node name="sync-tosync" value="Not synchronised yet" toBeTranslated="true">
				<node name="summary" value="Books yet to be uploaded to the server" toBeTranslated="true"/>
			</node>
		</node>
		<node name="fileTree" value="Könytárfa">
			<node name="summary" value="Fájlrendszer tallózása"/>
		</node>
		<node name="fileTreeRoot" value="Eszköz">
			<node name="summary" value="Az eszköz teljes fájlrendszere"/>
		</node>
		<node name="fileTreeCard" value="Memóriakártya">
			<node name="withIndex" value="Memory card No %s" toBeTranslated="true"/>
			<node name="summary" value="Az eszközbe illesztett memóriakártya"/>
		</node>
		<node name="fileTreeLibrary" value="FBReader mappa">
			<node name="summary" value="Az FBReader e-könyvek mappája"/>
		</node>
		<node name="localSearch" value="Helyi keresés"/>
		<node name="rescan" value="Újraindexel"/>
		<node name="openBook" value="Könyv megnyitása"/>
		<node name="showBookInfo" value="Információk a könyvről"/>
		<node name="shareBook" value="Könyv megosztása"/>
		<node name="deleteBook" value="Könyv törlése"/>
		<node name="addToFavorites" value="Hozzáadás a kedvencekhez"/>
		<node name="removeFromFavorites" value="Eltávolítás a kedvencek közül"/>
		<node name="removeFromRecents" value="Eltávolítás a legutóbbiak listájáról"/>
		<node name="markAsRead" value="Megjelölés olvasottként"/>
		<node name="markAsUnread" value="Megjelölés olvasatlanként"/>
		<node name="deleteAll" value="Delete all" toBeTranslated="true"/>
		<node name="uploadAgain" value="Upload again" toBeTranslated="true"/>
		<node name="tryAgain" value="Try again" toBeTranslated="true"/>
	</node>
	<node name="networkLibrary" value="FBReader internetes könyvtár">
		<node name="sync" value="FBReader® book network" toBeTranslated="true">
			<node name="summary" value="My personal catalogue" toBeTranslated="true"/>
		</node>
		<node name="byAuthor" value="Szerző">
			<node name="summary" value="Könyvek szerző szerint"/>
		</node>
		<node name="byTitle" value="Cím">
			<node name="summary" value="Könyvek cím szerint"/>
		</node>
		<node name="byDate" value="Dátum">
			<node name="summary" value="Könyvek letöltés dátuma szerint"/>
		</node>
		<node name="bySeries" value="Sorozat">
			<node name="summary" value="Könyvek sorozat szerint"/>
		</node>
		<node name="search" value="Keresés">
			<node name="summary" value="Keresés itt: %s"/>
			<node name="summaryAllCatalogs" value="Könyvek keresése a katalógusokban"/>
			<node name="summaryInProgress" value="keresés folyamatban"/>
		</node>
		<node name="found" value="Találatok">
			<node name="summary" value="Keresés az eredmények között: %s"/>
		</node>
		<node name="recent" value="Legutóbbi katalógusok">
			<node name="summary" value="Az utolsó néhány megnyitott katalógus"/>
		</node>
		<node name="openCatalog" value="Katalógus megnyitása"/>
		<node name="networkSearch" value="Keresés"/>
		<node name="showResults" value="Eredmények"/>
		<node name="showBooks" value="Könyvek"/>
		<node name="download" value="Letöltés"/>
		<node name="read" value="Helyi példány olvasása"/>
		<node name="delete" value="Helyi példány törlése"/>
		<node name="readDemo" value="Minta olvasása"/>
		<node name="deleteDemo" value="Minta törlése"/>
		<node name="downloadDemo" value="Minta letöltése"/>
		<node name="buy" value="Vásárlás (%s)"/>
		<node name="addToBasket" value="Kosárba tesz"/>
		<node name="removeFromBasket" value="Kosárból eltávolít"/>
		<node name="openBasket" value="Kosár megnyitása"/>
		<node name="clearBasket" value="Kosár kiürítése"/>
		<node name="buyAllBooks" value="Összes könyv megvásárlása"/>
		<node name="openInBrowser" value="Megnyitás böngészőben"/>
		<node name="stopLoading" value="Letöltés leállítása"/>
		<node name="stopSearching" value="Keresés leállítása"/>
		<node name="signIn" value="Bejelentkezés"/>
		<node name="signOut" value="Kijelentkezés (%s)"/>
		<node name="signUp" value="Sign up" toBeTranslated="true"/>
		<node name="quickBuy" value="Quick buy" toBeTranslated="true"/>
		<node name="topup" value="Számla feltöltése (Jelenleg: %s)"/>
		<node name="topupTitle" value="Számla feltöltése"/>
		<node name="topupViaBrowser" value="Oldal megnyitása böngészőben"/>
		<node name="authorisationMenuTitle" value="Művelet kiválasztása"/>
		<node name="topupSummary" value="Jelenleg: %s"/>
		<node name="basket" value="Kosár"/>
		<node name="basketSummaryEmpty" value="A kosár üres."/>
		<node name="basketSummaryCountOnly" value="%0 könyv"/>
		<node name="basketSummary" value="%0 könyv (%1)"/>
		<node name="alreadyDownloading" value="Könyv letöltése folyamatban"/>
		<node name="alreadyDownloadingDemo" value="Minta letöltése folyamatban"/>
		<node name="stoppingCatalogLoading" value="Letöltés leállítása"/>
		<node name="stoppingNetworkSearch" value="Keresés leállítása"/>
		<node name="editCustomCatalog" value="Katalógus szerkesztése"/>
		<node name="removeCustomCatalog" value="Katalógus törlése"/>
		<node name="addCustomCatalog" value="Katalógus hozzáadása"/>
		<node name="addCustomCatalogSummary" value="OPDS katalógus kézi hozzáadása"/>
		<node name="disableCatalog" value="Katalógus letiltása"/>
		<node name="confirmQuestions">
			<node name="read" value="Elolvassa a helyi példányt?"/>
			<node name="download" value="Letölti a könyvet?"/>
			<node name="readDemo" value="Elolvassa a mintát?"/>
			<node name="downloadDemo" value="Letölti a mintát?"/>
			<node name="buy" value="Megvásárolja a könyvet? (%s)"/>
			<node name="openInBrowser" value="Megnyitja a katalógust a böngészőben?"/>
		</node>
		<node name="downloadingCatalogs" value="Katalógusok letöltése"/>
		<!-- used as notification title -->
		<node name="searchingNetwork" value="Könyv keresése az interneten"/>
		<!-- used as notification title -->
		<node name="addCatalog">
			<node name="title" value="Új katalógus"/>
			<node name="editUrl" value="URL megadása"/>
		</node>
		<node name="manageCatalogs" value="Katalógusok kezelése">
			<node name="summary" value="Katalógusok listájának módosítása"/>
			<node name="enabled" value="Engedélyezve"/>
			<node name="disabled" value="Letiltva"/>
		</node>
		<node name="menu">
			<node name="openRoot" value="Kezdőoldal"/>
			<node name="networkSearch" value="Internetes keresés"/>
			<node name="reload" value="Újratöltés"/>
			<node name="signIn" value="Bejelentkezés"/>
			<node name="signUp" value="Regisztráció"/>
			<node name="signOut" value="Kijelentkezés (%s)"/>
			<node name="topup" value="Számla feltöltése"/>
			<node name="addCustomCatalog" value="Katalógus hozzáadása"/>
			<node name="refreshCatalogsList" value="Katalógusok frissítése"/>
			<node name="manageCatalogs" value="Katalógusok módosítása"/>
			<node name="clearBasket" value="Kosár kiürítése"/>
			<node name="buyAllBooks" value="összes könyv megvásárlása"/>
		</node>
	</node>
	<node name="buyBook">
		<node name="title" value="Könyv vásárlása"/>
		<node name="titleSeveralBooks" value="Könyvek vásárlása"/>
		<node name="confirm" value="Biztosan megvásárolja ezt a könyvet?&#10;“%s”"/>
		<node name="confirmSeveralBooks" value="Biztosan megvásárol %s könyvet?"/>
		<node name="alreadyBought" value="Ezt a könyvet már megvásárolta"/>
		<node name="notAuthorised" value="Bejelentkezés szükséges"/>
		<node name="noAccountInformation" value="Fiók állapota nem elérhető"/>
		<node name="unsufficientFunds" value="A vásárlás végösszege %0, de az Ön számláján csak %1 van "/>
		<node name="zeroFunds" value="A vásárlás végösszege %0"/>
	</node>
	<node name="bookInfo">
		<node name="bookInfo" value="Könyv adatai"/>
		<node name="fileInfo" value="Fájlinformáció"/>
		<node name="description" value="Leírás"/>
		<node name="noDescription" value="Nem érhető el leírás."/>
		<node name="annotation" value="Fülszöveg"/>
		<node name="title" value="Cím:"/>
		<node name="authors" value="Szerzők:"/>
		<node name="series" value="Sorozat:"/>
		<node name="indexInSeries" value="Sorszám:"/>
		<node name="tags" value="Címkék:"/>
		<node name="language" value="Nyelv:"/>
		<node name="name" value="Név:"/>
		<node name="type" value="Típus:"/>
		<node name="size" value="Méret:"/>
		<node name="time" value="Utolsó módosítás:"/>
		<node name="sizeInBytes" value="%s byte"/>
		<node name="sizeInKiloBytes" value="%s kB"/>
		<node name="catalog" value="Katalógus:"/>
		<node name="extraLinks" value="Kapcsolódó linkek"/>
		<node name="menu">
			<node name="edit" value="Szerkesztés"/>
		</node>
	</node>
	<node name="bookDownloader">
		<node name="downloadCompleteTicker" value="Könyv letöltve"/>
		<node name="downloadFailedTicker" value="Hiba a könyv letöltése közben"/>
		<node name="downloadComplete" value="Letöltés kész"/>
		<node name="downloadFailed" value="Letöltés sikertelen"/>
		<node name="downloadStarted" value="Könyv letöltése elindítva"/>
		<node name="alreadyDownloading" value="A könyv már letöltés alatt"/>
		<node name="cannotCreateDirectory" value="%s mappa létrehozása sikertelen"/>
		<node name="cannotCreateFile" value="%s fájl létrehozása sikertelen"/>
	</node>
	<node name="tocView">
		<node name="expandTree" value="Kibontás"/>
		<node name="collapseTree" value="Összecsukás"/>
		<node name="readText" value="Könyv olvasása"/>
	</node>
	<node name="bookmarksView">
		<node name="thisBook" value="Ez a könyv"/>
		<node name="allBooks" value="Minden könyv"/>
		<node name="new" value="Új könyvjelző"/>
		<node name="openBook" value="Megnyitás"/>
		<node name="editBookmark" value="Könyvjelző szerkesztése"/>
		<node name="deleteBookmark" value="Könyvelző törlése"/>
		<node name="search" value="Keresés"/>
	</node>
	<node name="editBookmark">
		<node name="text" value="Text" toBeTranslated="true"/>
		<node name="style" value="Style" toBeTranslated="true"/>
		<node name="delete" value="Delete" toBeTranslated="true"/>
		<node name="deleteBookmark" value="Könyvjelző törlése"/>
		<node name="saveText" value="Save text" toBeTranslated="true"/>
		<node name="editStyle" value="Stílus szerkesztése…"/>
	</node>
	<node name="toast">
		<node name="more" value="More" toBeTranslated="true"/>
		<node name="offline" value="Offline" toBeTranslated="true"/>
	</node>
	<node name="cancelMenu">
		<node name="library" value="Könyvtár megnyitása"/>
		<node name="networkLibrary" value="Internetes könyvtár megnyitása"/>
		<node name="previousBook" value="Előző könyv megnyitása"/>
		<node name="returnTo" value="Visszatérés …"/>
		<node name="back" value="Vissza"/>
		<node name="forward" value="Előre"/>
		<node name="close" value="FBReader bezárása"/>
	</node>
	<node name="style" value="Stílus %s"/>
	<node name="editStyle" value="Edit style" toBeTranslated="true">
		<node name="name" value="Stílus neve"/>
		<node name="invisible" value="Láthatatlan">
			<node name="summaryOn" value="Ne emelje ki a könyvjelzőket"/>
			<node name="summaryOff" value="Könyvjelzők kiemelése"/>
		</node>
		<node name="bgColor" value="Háttérszín"/>
	</node>
	<node name="selection" value="Kijelölés">
		<node name="quoteFrom" value="Idézet innen: %s"/>
		<node name="textInBuffer" value="Vágólapra másolva:&#10;%s"/>
	</node>
	<node name="sharing">
		<node name="sharedFrom" value="Megosztva az &lt;a href=&quot;https://fbreader.org/&quot;&gt;FBReader&lt;/a&gt;ből"/>
	</node>
	<node name="menu">
		<node name="whatsnew" value="What's new" toBeTranslated="true"/>
		<node name="openStartScreen" value="Start screen" toBeTranslated="true"/>
		<node name="preferences" value="Beállítások"/>
		<node name="bookInfo" value="Könyv adatai"/>
		<node name="library" value="Könyvtár"/>
		<node name="toc" value="Tartalom"/>
		<node name="day" value="Nappali"/>
		<node name="night" value="Éjjeli"/>
		<node name="dayNight" value="Day/Night" toBeTranslated="true"/>
		<node name="yotaSwitchToBackScreen" value="Váltás a hátsó képernyőre"/>
		<node name="yotaSwitchToFrontScreen" value="Váltás az első képernyőre"/>
		<node name="networkLibrary" value="Internetes könyvtár"/>
		<node name="navigate" value="Navigáció">
			<node name="toc" value="Tartalomjegyzék"/>
			<node name="gotoHome" value="A dokumentum elejére"/>
			<node name="gotoSectionStart" value="Ugrás a szövegrész elejére"/>
			<node name="gotoSectionEnd" value="Ugrás a szövegrész végére"/>
			<node name="nextTOCSection" value="Ugrás a tartalomjegyzék következő elemére"/>
			<node name="previousTOCSection" value="Ugrás a tartalomjegyzék előző elemére"/>
			<node name="undo" value="Vissza"/>
			<node name="redo" value="Előre"/>
		</node>
		<node name="shareBook" value="Könyv megosztása"/>
		<node name="search" value="Keresés"/>
		<node name="rotate" value="Kijelző elforgatása"/>
		<node name="screenOrientation" value="Kijelző iránya"/>
		<node name="screenOrientationSystem" value="Rendszerbeállítás"/>
		<node name="screenOrientationSensor" value="Készülék irányától függ"/>
		<node name="screenOrientationPortrait" value="Álló"/>
		<node name="screenOrientationLandscape" value="Fekvő"/>
		<node name="screenOrientationReversePortrait" value="Fordított álló"/>
		<node name="screenOrientationReverseLandscape" value="Fordított fekvő"/>
		<node name="increaseFont" value="Nagyítás"/>
		<node name="decreaseFont" value="Kicsinyítés"/>
		<node name="changeFontSize" value="Zoom in/out" toBeTranslated="true"/>
		<node name="toggleFullscreen" value="Teljes kijelző"/>
		<node name="bookmarks" value="Könyvjelzők"/>
		<node name="help" value="Súgó"/>
		<node name="plugins" value="Bővítmények telepítése"/>
		<node name="gotoPageNumber" value="Ugrás oldalszámra…"/>
	</node>
	<node name="BookInfo">
		<node name="fileName" value="Fájlnév"/>
		<node name="title" value="Cím"/>
		<node name="language" value="Nyelv"/>
		<node name="encoding" value="Kódolás"/>
		<node name="authors" value="Szerzők"/>
		<node name="tags" value="Címkék"/>
		<node name="series" value="Sorozat"/>
	</node>
	<node name="Preferences" value="FBReader settings" toBeTranslated="true">
		<node name="sync" value="Synchronisation" toBeTranslated="true">
			<node name="summary" value="Book network settings" toBeTranslated="true"/>
			<node name="site" value="Read more about synchronisation" toBeTranslated="true">
				<node name="url" value="https://books.fbreader.org/help.html" toBeTranslated="true"/>
			</node>
			<node name="enable" value="Enable synchronisation" toBeTranslated="true">
				<node name="summaryOn" value="Synchronise my library with FBReader book network server" toBeTranslated="true"/>
				<node name="summaryOnWithAccount" value="Synchronise my library as %s" toBeTranslated="true"/>
				<node name="summaryOff" value="Do not synchronise my library with FBReader book network server" toBeTranslated="true"/>
			</node>
			<node name="values">
				<node name="always" value="Always" toBeTranslated="true"/>
				<node name="viaWifi" value="If device is connected via Wi-Fi" toBeTranslated="true"/>
				<node name="never" value="Never" toBeTranslated="true"/>
			</node>
			<node name="uploadAllBooks" value="Upload all books to server" toBeTranslated="true"/>
			<node name="downloadAllBooks" value="Download all books from server" toBeTranslated="true"/>
			<node name="downloadCurrentBook" value="Download current book from server" toBeTranslated="true"/>
			<node name="positions" value="Synchronise reading positions" toBeTranslated="true"/>
			<node name="bookmarks" value="Synchronise bookmarks" toBeTranslated="true"/>
			<node name="customShelves" value="Synchronise custom shelves" toBeTranslated="true"/>
			<node name="metainfo" value="Synchronise metainfo (title, tags, etc.)" toBeTranslated="true"/>
			<node name="changeCurrentBook" value="Change current book" toBeTranslated="true">
				<node name="summaryOn" value="Open same book on all devices" toBeTranslated="true"/>
				<node name="summaryOff" value="Synchronise reading positions, but do not open same book on all devices" toBeTranslated="true"/>
			</node>
		</node>
		<node name="directories" value="Mappák">
			<node name="summary" value="Mely mappákban keressen fájlokat"/>
			<node name="bookPath" value="Where to search for books" toBeTranslated="true">
				<node name="chooserTitle" value="Könyvek mappája"/>
			</node>
			<node name="downloadDir" value="Where to store downloaded books" toBeTranslated="true">
				<node name="chooserTitle" value="Könyvek mappája"/>
			</node>
			<node name="fontPath" value="Where to search for fonts" toBeTranslated="true">
				<node name="chooserTitle" value="Betűtípusok mappája"/>
			</node>
			<node name="tempDir" value="Where to store temporary files" toBeTranslated="true">
				<node name="chooserTitle" value="Temp files folder" toBeTranslated="true"/>
			</node>
		</node>
		<node name="appearance" value="Megjelenés">
			<node name="summary" value="Elforgatás, állapotsor"/>
			<node name="language" value="A felület nyelve"/>
			<node name="screenOrientation" value="Kijelző iránya">
				<node name="system" value="Rendszerbeállítás"/>
				<node name="sensor" value="A készülék irányától függ"/>
				<node name="portrait" value="Álló"/>
				<node name="landscape" value="Fekvő"/>
				<node name="reversePortrait" value="Fordított álló"/>
				<node name="reverseLandscape" value="Fordított fekvő"/>
			</node>
			<node name="autoOrientation" value="Automatikus elforgatás">
				<node name="summaryOn" value="A kijelző elfordul a készülék mozgatásakor"/>
				<node name="summaryOff" value="A kijelző nem fordul el a készülés mozgatásakor"/>
			</node>
			<node name="showStatusBar" value="Állapotsor látható">
				<node name="summaryOn" value="Az állapotsor látszik olvasás közben"/>
				<node name="summaryOff" value="Az állapotsor nem látszik olvasás közben"/>
			</node>
			<node name="showActionBar" value="Akciósáv látható">
				<node name="summaryOn" value="Akciósáv látható olvasás közben"/>
				<node name="summaryOff" value="Akciósáv elrejtése olvasás közben"/>
			</node>
			<node name="showStatusBarWhenMenuIsActive" value="Állapotsor látható a menüben">
				<node name="summaryOn" value="Az állapotsor látszik a menübe belépéskor"/>
				<node name="summaryOff" value="Az állapotsor nem látszik a menübe belépéskor"/>
			</node>
			<node name="fullscreenMode" value="Teljes képernyős mód">
				<node name="summaryOn" value="Navigációs elemek elrejtése"/>
				<node name="summaryOff" value="Navigációs elemek megjelenítése"/>
			</node>
			<node name="disableButtonLights" value="Gombok megvilágításának kikapcsolása">
				<node name="summaryOn" value="Megvilágítás kikapcsolása olvasás közben (nem minden eszköznél működik)"/>
				<node name="summaryOff" value="Ne próbálja kikapcsolni a gombok háttérvilágítását"/>
			</node>
			<node name="twoColumnView" value="Kéthasábos megjelenítés">
				<node name="summaryOn" value="A szöveg két hasábban jelenik meg, ha az eszközt vízszintesen tartják"/>
				<node name="summaryOff" value="Megjelenítés mindig egy hasában"/>
			</node>
			<node name="allowScreenBrightnessAdjustment" value="Fényerő beállítása">
				<node name="summaryOn" value="Felfelé/lefelé csúsztatás a képernyő bal oldalán"/>
				<node name="summaryOff" value="Kikapcsolva"/>
			</node>
			<node name="dontTurnScreenOff" value="Kijelző kikapcsolása">
				<node name="0" value="Soha"/>
				<node name="25" value="25 százalék akku töltöttség alatt"/>
				<node name="50" value="50 százalék akku töltöttség alatt"/>
				<node name="100" value="Mindig (automatikusan)"/>
			</node>
			<node name="dontTurnScreenOffDuringCharging" value="Kijelző kikapcsolása töltéskor">
				<node name="summaryOn" value="Ne kapcsoljon ki a kijelző az akkumulátor töltésekor"/>
				<node name="summaryOff" value="A kijelző automatikusan kikapcsol az akkumulátor töltésekor is"/>
			</node>
		</node>
		<node name="text" value="Szöveg">
			<node name="summary" value="Betűtípus, elválasztás stb."/>
			<node name="fontProperties" value="Betűtípus tulajdonságai">
				<node name="summary" value="Betűsimítás beállításai"/>
				<node name="antiAlias" value="Élsimítás">
					<node name="summaryOn" value="Élsimítás engedélyezve"/>
					<node name="summaryOff" value="Élsimítás letiltva"/>
				</node>
				<node name="deviceKerning" value="Betűközök kiegyenlítése">
					<node name="summaryOn" value="Alávágás engedélyezve"/>
					<node name="summaryOff" value="Alávágás letiltva"/>
				</node>
				<node name="dithering" value="Árnyalás">
					<node name="summaryOn" value="Színárnyalás engedélyezve"/>
					<node name="summaryOff" value="Színárnyalás letiltva"/>
				</node>
				<node name="hinting" value="Hinting">
					<node name="summaryOn" value="Betű hinting engedélyezve"/>
					<node name="summaryOff" value="Betű hinting letiltva"/>
				</node>
				<node name="subpixel" value="Alpixel simítás">
					<node name="summaryOn" value="Alpixel simítás engedélyezve"/>
					<node name="summaryOff" value="Alpixel simítás letiltva"/>
				</node>
			</node>
			<node name="font" value="Betűtípus">
				<node name="inherit" value="&lt;változatlan&gt;"/>
			</node>
			<node name="fontSize" value="Betűméret"/>
			<node name="fontStyle" value="Betűstílus">
				<node name="regular" value="Normál"/>
				<node name="bold" value="Félkövér"/>
				<node name="italic" value="Dőlt"/>
				<node name="boldItalic" value="Félkövér és dőlt"/>
			</node>
			<node name="bold" value="Félkövér">
				<node name="bold" value="félkövér"/>
				<node name="normal" value="normál"/>
				<node name="inherit" value="&lt;változatlan&gt;"/>
			</node>
			<node name="italic" value="Dőlt">
				<node name="italic" value="dőlt"/>
				<node name="normal" value="normál"/>
				<node name="inherit" value="&lt;változatlan&gt;"/>
			</node>
			<node name="textDecoration" value="Text decoration" toBeTranslated="true">
				<node name="inherit" value="&lt;unchanged&gt;" toBeTranslated="true"/>
				<node name="none" value="no decorations" toBeTranslated="true"/>
				<node name="underline" value="aláhúzott"/>
				<node name="line-through" value="áthúzott"/>
			</node>
			<node name="lineSpacing" value="Sorköz">
				<node name="inherit" value="&lt;változatlan&gt;"/>
			</node>
			<node name="alignment" value="Igazítás">
				<node name="left" value="Balra"/>
				<node name="right" value="Jobbra"/>
				<node name="center" value="Középre"/>
				<node name="justify" value="Sorkizárt"/>
				<node name="inherit" value="&lt;változatlan&gt;"/>
			</node>
			<node name="autoHyphenations" value="Automatikus elválasztás">
				<node name="summaryOn" value="Automatikusan válassza el a szavakat"/>
				<node name="summaryOff" value="Automatikus elválasztás kikapcsolva"/>
			</node>
			<node name="allowHyphenations" value="Elválasztás engedélyezése">
				<node name="auto" value="válassza el a szavakat"/>
				<node name="none" value="ne válassza el a szavakat"/>
				<node name="inherit" value="&lt;változatlan&gt;"/>
			</node>
			<node name="firstLineIndent" value="Első sor behúzása"/>
			<node name="spaceBefore" value="Térköz előtte"/>
			<node name="spaceAfter" value="Térköz utána"/>
			<node name="leftIndent" value="Bal oldali behúzás"/>
			<node name="rightIndent" value="Jobb oldali behúzás"/>
			<node name="verticalAlignment" value="Vertical alignment" toBeTranslated="true"/>
			<node name="more" value="További formázás">
				<node name="summary" value="Különálló beállítások címekhez, mottókhoz stb."/>
				<node name="Regular Paragraph" value="Normál bekezdés">
					<node name="summary" value=""/>
				</node>
				<node name="xhtml-tag-p" value="EPub Paragraph" toBeTranslated="true">
					<node name="summary" value="&lt;p&gt; XHTML tag content" toBeTranslated="true"/>
				</node>
				<node name="Title" value="Cím">
					<node name="summary" value=""/>
				</node>
				<node name="Section Title" value="Rész címe">
					<node name="summary" value=""/>
				</node>
				<node name="Poem Title" value="Vers címe">
					<node name="summary" value=""/>
				</node>
				<node name="Subtitle" value="Alcím">
					<node name="summary" value=""/>
				</node>
				<node name="Annotation" value="Fülszöveg">
					<node name="summary" value=""/>
				</node>
				<node name="Epigraph" value="Mottó">
					<node name="summary" value=""/>
				</node>
				<node name="Stanza" value="Versszak">
					<node name="summary" value=""/>
				</node>
				<node name="Verse" value="Verssor">
					<node name="summary" value=""/>
				</node>
				<node name="Preformatted text" value="Előformázott szöveg">
					<node name="summary" value=""/>
				</node>
				<node name="Image" value="Kép">
					<node name="summary" value=""/>
				</node>
				<node name="Cite" value="Idézet">
					<node name="summary" value=""/>
				</node>
				<node name="Author" value="Szerző">
					<node name="summary" value=""/>
				</node>
				<node name="Date" value="Dátum">
					<node name="summary" value=""/>
				</node>
				<node name="Internal Hyperlink" value="Belső hivatkozás">
					<node name="summary" value=""/>
				</node>
				<node name="Footnote" value="Lábjegyzet">
					<node name="summary" value=""/>
				</node>
				<node name="Emphasis" value="Kiemelés">
					<node name="summary" value=""/>
				</node>
				<node name="Strong" value="Hangsúly">
					<node name="summary" value=""/>
				</node>
				<node name="Subscript" value="Alsó index">
					<node name="summary" value=""/>
				</node>
				<node name="Superscript" value="Felső index">
					<node name="summary" value=""/>
				</node>
				<node name="Code" value="Kód">
					<node name="summary" value=""/>
				</node>
				<node name="StrikeThrough" value="Áthúzás">
					<node name="summary" value=""/>
				</node>
				<node name="Italic" value="Dőlt">
					<node name="summary" value=""/>
				</node>
				<node name="Bold" value="Félkövér">
					<node name="summary" value=""/>
				</node>
				<node name="Definition" value="Definíció">
					<node name="summary" value=""/>
				</node>
				<node name="Definition Description" value="Definíció leírása">
					<node name="summary" value=""/>
				</node>
				<node name="Header 1" value="Címsor 1">
					<node name="summary" value=""/>
				</node>
				<node name="Header 2" value="Címsor 2">
					<node name="summary" value=""/>
				</node>
				<node name="Header 3" value="Címsor 3">
					<node name="summary" value=""/>
				</node>
				<node name="Header 4" value="Címsor 4">
					<node name="summary" value=""/>
				</node>
				<node name="Header 5" value="Címsor 5">
					<node name="summary" value=""/>
				</node>
				<node name="Header 6" value="Címsor 6">
					<node name="summary" value=""/>
				</node>
				<node name="External Hyperlink" value="Külső hiperhivatkozás">
					<node name="summary" value=""/>
				</node>
			</node>
		</node>
		<node name="toast" value="Pop-ups" toBeTranslated="true">
			<node name="summary" value="Footnote windows, etc." toBeTranslated="true"/>
			<node name="showFootnoteToast" value="Show linked text in a popup" toBeTranslated="true">
				<node name="never" value="Never" toBeTranslated="true"/>
				<node name="footnotesOnly" value="For footnotes only" toBeTranslated="true"/>
				<node name="footnotesAndSuperscripts" value="For footnotes and superscript links" toBeTranslated="true"/>
				<node name="allInternalLinks" value="For all internal links" toBeTranslated="true"/>
			</node>
			<node name="footnoteToastDuration" value="How long to display link popup" toBeTranslated="true"/>
			<node name="fontSizePercent" value="Font size (percent from regular text)" toBeTranslated="true"/>
		</node>
		<node name="css" value="CSS">
			<node name="summary" value="CSS-ben szereplő értékek alkalmazása"/>
			<node name="fontFamily" value="Font family" toBeTranslated="true">
				<node name="summaryOn" value="Use font family defined in CSS" toBeTranslated="true"/>
				<node name="summaryOff" value="Ignore font family defined in CSS" toBeTranslated="true"/>
			</node>
			<node name="fontSize" value="Betűméret">
				<node name="summaryOn" value="CSS-ben szereplő betűméret használata"/>
				<node name="summaryOff" value="CSS-ben szereplő betűméret figyelmen kívül hagyása"/>
			</node>
			<node name="textAlignment" value="Szöveg elrendezése">
				<node name="summaryOn" value="CSS-ben szereplő elrendezés használata"/>
				<node name="summaryOff" value="CSS-ben szereplő elrendezés figyelmen kívül hagyása"/>
			</node>
			<node name="margins" value="Margins" toBeTranslated="true">
				<node name="summaryOn" value="Apply margins defined in CSS" toBeTranslated="true"/>
				<node name="summaryOff" value="Ignore margins defined in CSS" toBeTranslated="true"/>
			</node>
		</node>
		<node name="colors" value="Színek és háttérképek">
			<node name="summary" value="Színbeállítások"/>
			<node name="background" value="Háttér">
				<node name="chooser">
					<node name="solidColor" value="Solid colour…" toBeTranslated="true"/>
					<node name="predefined" value="Predefined texture…" toBeTranslated="true"/>
					<node name="selectFile" value="Select file…" toBeTranslated="true"/>
				</node>
				<node name="solidColor" value="Egyszínű"/>
				<node name="leather" value="Bőr"/>
				<node name="sepia" value="Szépia"/>
				<node name="wood" value="Fa"/>
				<node name="sand" value="Sand" toBeTranslated="true"/>
				<node name="hardpaper" value="Hard paper" toBeTranslated="true"/>
			</node>
			<node name="fillMode" value="Fill mode" toBeTranslated="true">
				<node name="tile" value="Tile" toBeTranslated="true"/>
				<node name="tileMirror" value="Mirrored tile" toBeTranslated="true"/>
				<node name="fullscreen" value="Fullscreen" toBeTranslated="true"/>
				<node name="stretch" value="Stretch to fill screen" toBeTranslated="true"/>
				<node name="tileVertically" value="Stretch horizontally, tile vertically" toBeTranslated="true"/>
				<node name="tileHorizontally" value="Stretch vertically, tile horizontally" toBeTranslated="true"/>
			</node>
			<node name="selectionBackground" value="Kijelölés háttere"/>
			<node name="selectionForeground" value="Kijelölt szöveg"/>
			<node name="text" value="Szöveg"/>
			<node name="hyperlink" value="Link"/>
			<node name="hyperlinkVisited" value="Meglátogatott link"/>
			<node name="highlightingForeground" value="Search results" toBeTranslated="true"/>
			<node name="highlightingBackground" value="Találatok kiemelése"/>
			<node name="footerOldStyle" value="Footer (old style)" toBeTranslated="true"/>
			<node name="footerBackground" value="Footer background" toBeTranslated="true"/>
			<node name="footerForeground" value="Footer text" toBeTranslated="true"/>
			<node name="footerForegroundUnread" value="Footer line" toBeTranslated="true"/>
		</node>
		<node name="margins" value="Margók">
			<node name="summary" value="Szövegmargók"/>
			<node name="left" value="Bal margó"/>
			<node name="right" value="Jobb margó"/>
			<node name="top" value="Felső margó"/>
			<node name="bottom" value="Alsó margó"/>
			<node name="spaceBetweenColumns" value="Térköz a hasábok között"/>
		</node>
		<node name="scrollBar" value="Gördítősáv">
			<node name="summary" value="A gördítősáv és a lábléc beállításai"/>
			<node name="scrollbarType" value="Gördítősáv típusa">
				<node name="hide" value="Rejtett"/>
				<node name="show" value="Függőleges csúszka"/>
				<node name="showAsProgress" value="Függőleges folyamatjelző"/>
				<node name="showAsFooter" value="Vízszintes lábléc"/>
				<node name="showAsFooterOldStyle" value="Horizontal footer (old style)" toBeTranslated="true"/>
			</node>
			<node name="footerHeight" value="Lábléc magassága"/>
			<node name="footerOldStyleColor" value="Footer (old style) colour" toBeTranslated="true"/>
			<node name="footerBackgroundColor" value="Footer background colour" toBeTranslated="true"/>
			<node name="footerForegroundColor" value="Footer text colour" toBeTranslated="true"/>
			<node name="footerForegroundUnreadColor" value="Footer line colour" toBeTranslated="true"/>
			<node name="tocMarks" value="Tartalomjegyzék jelzése">
				<node name="summaryOn" value="Mutassa a tartalomjegyzék elemeit a láblécen"/>
				<node name="summaryOff" value="Ne mutassa a tartalomjegyzék elemeit a láblécen"/>
			</node>
			<node name="tocMarksMaxNumber" value="Maximum number of TOC marks to display" toBeTranslated="true"/>
			<node name="showProgress" value="Show reading progress" toBeTranslated="true">
				<node name="dontDisplay" value="Do not show" toBeTranslated="true"/>
				<node name="asPages" value="As page number" toBeTranslated="true"/>
				<node name="asPercentage" value="As percentage" toBeTranslated="true"/>
				<node name="asPagesAndPercentage" value="As page number and percentage" toBeTranslated="true"/>
			</node>
			<node name="showBattery" value="Akku töltöttség">
				<node name="summaryOn" value="Mutassa az akkumulátor töltöttségét a láblécben"/>
				<node name="summaryOff" value="Ne mutassa az akkumulátor töltöttségét a láblécben"/>
			</node>
			<node name="showClock" value="Óra">
				<node name="summaryOn" value="Mutassa a pontos időt a láblécben"/>
				<node name="summaryOff" value="Ne mutassa a pontos időt a láblécben"/>
			</node>
			<node name="font" value="Lábléc betűtípusa"/>
		</node>
		<node name="scrolling" value="Lapozás">
			<node name="summary" value="Szöveg görgetésének beállításai"/>
			<node name="fingerScrolling" value="Lapozás az érintőképernyőn">
				<node name="byTap" value="Lapozás érintésre"/>
				<node name="byFlick" value="Lapozás ujjmozdulatra"/>
				<node name="byTapAndFlick" value="Lapozás érintésre és ujjmozdulatra"/>
			</node>
			<node name="enableDoubleTapDetection" value="Dupla érintés érzékelése">
				<node name="summaryOn" value="Dupla érintés a navigációhoz/menühöz"/>
				<node name="summaryOff" value="Dupla érintések figyelmen kívül hagyása"/>
			</node>
			<node name="volumeKeys" value="Lapozás a hangerő gombokkal">
				<node name="summaryOn" value="Hangerő gombok használata lapozáshoz"/>
				<node name="summaryOff" value="A hangerő gombok a hangerőt állítják"/>
			</node>
			<node name="invertVolumeKeys" value="Fordított lapozás a hangerő gombokal">
				<node name="summaryOn" value="Fel (le) gomb lefelé (felfelé) lapoz"/>
				<node name="summaryOff" value="Fel (le) gomb felfelé (lefelé) lapoz"/>
			</node>
			<node name="animation" value="Animáció">
				<node name="none" value="Görgetés animáció nélkül"/>
				<node name="curl" value="Hajlítás"/>
				<node name="slide" value="Csúsztatás"/>
				<node name="slideOldStyle" value="Slide animation (old style)" toBeTranslated="true"/>
				<node name="shift" value="Eltolás"/>
			</node>
			<node name="animationSpeed" value="Animáció sebessége">
				<node name="fast" value="gyors"/>
				<node name="slow" value="lassú"/>
			</node>
			<node name="horizontal" value="Vízszintes lapozás">
				<node name="summaryOn" value="Oldalak görgetése vízszintesen"/>
				<node name="summaryOff" value="Oldalak görgetése függőlegesen"/>
			</node>
		</node>
		<node name="tapZones" value="Érintési zónák">
			<node name="summary" value="Műveletek érintésre"/>
			<node name="tapZonesScheme" value="Érintési zóna sémák">
				<node name="left_to_right" value="Balról jobbra lapozás"/>
				<node name="right_to_left" value="Jobbról balra lapozás"/>
				<node name="up" value="Lentről felfelé lapozás"/>
				<node name="down" value="Fentről lefelé lapozás"/>
				<node name="custom" value="Egyéni…"/>
			</node>
		</node>
		<node name="dictionary" value="Dictionary &amp; translator" toBeTranslated="true">
			<node name="summary" value="Translation settings" toBeTranslated="true"/>
			<node name="dictionary" value="Look up single word in" toBeTranslated="true"/>
			<node name="translator" value="Translate phrases via" toBeTranslated="true"/>
			<node name="translateOffline" value="Google Translate: use offline translator (if installed)" toBeTranslated="true">
				<node name="always" value="Always" toBeTranslated="true"/>
				<node name="onError" value="Automatically, if online translation fails" toBeTranslated="true"/>
				<node name="ask" value="Ask if online translation fails" toBeTranslated="true"/>
				<node name="never" value="Never" toBeTranslated="true"/>
			</node>
			<node name="translationToastDuration" value="How long to show translation popup" toBeTranslated="true"/>
			<node name="errorToastDuration" value="How long to show error message" toBeTranslated="true"/>
			<node name="sourceLanguage" value="Translate from" toBeTranslated="true">
				<node name="detect" value="Automatically detect language" toBeTranslated="true"/>
			</node>
			<node name="targetLanguage" value="Fordítás:">
				<node name="any" value="minden nyelv"/>
			</node>
			<node name="longTapAction" value="Hosszú érintés">
				<node name="doNothing" value="Nem történik semmi hosszú érintésre"/>
				<node name="selectSingleWord" value="A hosszú érintés kijelöli a szót"/>
				<node name="startSelecting" value="A hosszú érintés elindítja a kijelölést"/>
				<node name="openDictionary" value="A hosszú érintés kijelöli a szót, a felengedés megnyitja a szótárt"/>
			</node>
			<node name="navigateOverAllWords" value="Navigáció szavanként">
				<node name="summaryOn" value="A gombnyomásos navigáció szóról szóra ugrik"/>
				<node name="summaryOff" value="A gombnyomásos navigáció linkről linkre ugrik"/>
			</node>
		</node>
		<node name="images" value="Képek">
			<node name="summary" value="Képmegjelenítési beállítások"/>
			<node name="backgroundColor" value="Képnéző háttérszíne"/>
			<node name="longTapAction" value="Művelet hosszú érintésre">
				<node name="doNothing" value="Nem történik semmi hosszú érintésre"/>
				<node name="selectImage" value="A hosszú érintés kijelöli a képet"/>
				<node name="openImageView" value="A hosszú érintés megnyitja a képnézőt"/>
			</node>
			<node name="fitImagesToScreen" value="Képméret igazítása a kijelzőhöz">
				<node name="none" value="Nincs átméretezés"/>
				<node name="covers" value="Csak a borítókat"/>
				<node name="all" value="Minden kép igazítása"/>
			</node>
			<node name="matchBackground" value="Háttér intenzitásához igazítás">
				<node name="summaryOn" value="Igazítsa a kép színeit a háttérhez"/>
				<node name="summaryOff" value="Ne igazítsa a kép színeit"/>
			</node>
		</node>
		<node name="menu" value="Menu" toBeTranslated="true">
			<node name="summary" value="Configure main screen menu" toBeTranslated="true"/>
			<node name="backgroundCover" value="Use book cover as background" toBeTranslated="true">
				<node name="summaryOn" value="Show cover in the book menu" toBeTranslated="true"/>
				<node name="summaryOff" value="Keep background clear" toBeTranslated="true"/>
			</node>
			<node name="bookMenuStatusItem" value="Status item" toBeTranslated="true">
				<node name="summaryOn" value="Show status item in the book menu" toBeTranslated="true"/>
				<node name="summaryOff" value="Hide status item" toBeTranslated="true"/>
			</node>
			<node name="items" value="Menu items" toBeTranslated="true">
				<node name="summary" value="Change items order" toBeTranslated="true"/>
				<node name="bookMenuUpperSection" value="Book menu (upper section)" toBeTranslated="true"/>
				<node name="bookMenuLowerSection" value="Book menu (lower section)" toBeTranslated="true"/>
				<node name="toolbarOrMainMenu" value="Toolbar or main menu" toBeTranslated="true"/>
				<node name="mainMenu" value="Main menu" toBeTranslated="true"/>
				<node name="enabled" value="Enabled" toBeTranslated="true"/>
				<node name="disabled" value="Disabled" toBeTranslated="true"/>
			</node>
		</node>
		<node name="cancelMenu" value="Vissza menü">
			<node name="summary" value="Vissza gomb műveletek"/>
			<node name="library" value="Könyvtár">
				<node name="summaryOn" value="Mutassa a 'könyvtár megnyitása' elemet"/>
				<node name="summaryOff" value="Ne mutassa a 'könyvtár megnyitása' elemet"/>
			</node>
			<node name="networkLibrary" value="Internetes könyvtár">
				<node name="summaryOn" value="Mutassa az 'internetes könyvtár megnyitása' elemet"/>
				<node name="summaryOff" value="Ne mutassa az 'internetes könyvtár megnyitása' elemet"/>
			</node>
			<node name="previousBook" value="Előző könyv">
				<node name="summaryOn" value="Mutassa a menüben a 'Vissza az előző könyvhöz' menüpontot"/>
				<node name="summaryOff" value="Ne mutassa a 'Vissza az előző könyvhöz' menüpontot"/>
			</node>
			<node name="positions" value="Utolsó 3 pozíció">
				<node name="summaryOn" value="Mutassa az utolsó 3 elmentett pozíciót a könyvben"/>
				<node name="summaryOff" value="Ne mutassa az utolsó 3 pozíciót"/>
			</node>
			<node name="backKeyAction" value="Vissza gomb műveletek">
				<node name="exit" value="FBReader bezárása"/>
				<node name="goBack" value="Navigáljon vissza a szövegben"/>
				<node name="cancelMenu" value="Vissza menü megjelenítése"/>
			</node>
			<node name="backKeyLongPressAction" value="Vissza gomb hosszú nyomására">
				<node name="exit" value="FBReader bezárása"/>
				<node name="goBack" value="Navigáljon vissza a szövegben"/>
				<node name="cancelMenu" value="Vissza menü megjelenítése"/>
				<node name="none" value="Semmit ne tegyen"/>
			</node>
		</node>
		<node name="tips" value="Tippek">
			<node name="summary" value="Napi tippek beállításai"/>
			<node name="showTips" value="Napi tippek">
				<node name="summaryOn" value="Mutasson tippeket"/>
				<node name="summaryOff" value="Ne mutasson"/>
			</node>
		</node>
		<node name="about" value="Az FBReader névjegye">
			<node name="summary" value="Verziószám, kapcsolat"/>
			<node name="version" value="Verzió"/>
			<node name="site" value="Ugrás a weboldalunkra">
				<node name="url" value="https://fbreader.org/"/>
			</node>
			<node name="email" value="E-mail küldése">
				<node name="url" value="mailto:contact@fbreader.org"/>
			</node>
			<node name="googleplus" value="Join FBReader Google+ community" toBeTranslated="true">
				<node name="url" value="https://plus.google.com/communities/115894899404862312312"/>
			</node>
			<node name="twitter" value="Kövessen Twitteren">
				<node name="url" value="https://twitter.com/fbreader"/>
			</node>
			<node name="facebook" value="FBReader on Facebook" toBeTranslated="true">
				<node name="url" value="https://facebook.com/fbreader"/>
			</node>
			<node name="thirdParty" value="Third-party libraries" toBeTranslated="true"/>
		</node>
		<node name="eink" value="E-ink kijelző">
			<node name="summary" value="E-ink kijelzők különleges beállításai"/>
			<node name="enableFastRefresh" value="Gyors frissítési mód">
				<node name="summaryOn" value="Gyors (de nem tiszta) képernyőfrissítés hassnálata"/>
				<node name="summaryOff" value="Teljes (tiszta, de lassú) képernyőfrissítés használata"/>
			</node>
			<node name="interval" value="Gyors frissítések száma teljes újratöltések között"/>
		</node>
	</node>
	<node name="dialog">
		<node name="button">
			<node name="noThanks" value="No, thanks" toBeTranslated="true"/>
			<node name="install" value="Telepítés"/>
			<node name="update" value="Frissítés"/>
			<node name="skip" value="Kihagyás"/>
			<node name="buy" value="Vásárlás"/>
			<node name="buyAndDownload" value="Vásárlás és letöltés"/>
			<node name="download" value="Letöltés"/>
			<node name="continue" value="Folytatás"/>
			<node name="editUrl" value="URL szerkesztése"/>
			<node name="tryAgain" value="Próbálja újra"/>
			<node name="openBook" value="Olvasás"/>
			<node name="edit" value="Szerkesztés"/>
			<node name="reloadInfo" value="Újratöltés"/>
			<node name="shareBook" value="Megosztás"/>
			<node name="topup" value="Számla feltöltése"/>
			<node name="pay" value="Fizetés"/>
			<node name="refresh" value="Frissítés"/>
			<node name="authorise" value="Hitelesítés"/>
			<node name="resetPosition" value="Pozíció nullázása"/>
			<node name="sendReport" value="Jelentés küldése"/>
			<node name="addToFavorites" value="Hozzáadás a kedvencekhez"/>
			<node name="removeFromFavorites" value="Eltávolítás a kedvencek közül"/>
			<node name="markAsRead" value="Megjelölés olvasottként"/>
			<node name="markAsUnread" value="Megjelölés olvasatlanként"/>
		</node>
		<node name="gotoPage" value="Ugrás oldalszámra"/>
		<node name="plugin">
			<node name="installTitle" value="Bővítmény telepítése"/>
			<node name="updateTitle" value="Bővítmény frissítése"/>
			<node name="dontAskAgain" value="Ne kérdezze megint"/>
		</node>
		<node name="backgroundAuthentication">
			<node name="message" value="Authentication required" toBeTranslated="true"/>
		</node>
		<node name="missingDictionary" value="Missing %s" toBeTranslated="true">
			<node name="install" value="Install %s" toBeTranslated="true"/>
			<node name="configure" value="Configure translation" toBeTranslated="true"/>
			<node name="skip" value="Skip" toBeTranslated="true"/>
		</node>
		<node name="installDictionary">
			<node name="title" value="Telepítés helye"/>
			<node name="message" value="%s Telepíti?"/>
		</node>
		<node name="deleteBookBox">
			<node name="message" value="A fájl törlése nem visszavonható. Biztosan törli?"/>
		</node>
		<node name="deleteMultipleBookBox">
			<node name="title" value="Delete books" toBeTranslated="true"/>
			<node name="message" value="%s files will be removed permanently. Are you sure?" toBeTranslated="true"/>
		</node>
		<node name="redownloadFileBox">
			<node name="message" value="A fájl már létezik. Újra letölti?"/>
		</node>
		<node name="litresUserRegistration">
			<node name="title" value="Felhasználó létrehozása"/>
			<node name="login" value="Felhasználónév"/>
			<node name="password" value="Jelszó"/>
			<node name="confirmPassword" value="Jelszó&#10;megerősítése"/>
			<node name="email" value="E-mail"/>
		</node>
		<node name="litresAutoSignIn">
			<node name="title" value="Signing in" toBeTranslated="true"/>
			<node name="email" value="Email" toBeTranslated="true"/>
			<node name="actions">
				<node name="title" value="Unable to sign in with email&#10;%s" toBeTranslated="true"/>
				<node name="recover" value="Recover account information" toBeTranslated="true"/>
				<node name="signIn" value="Sign in manually" toBeTranslated="true"/>
				<node name="anotherEmail" value="Select another email" toBeTranslated="true"/>
			</node>
			<node name="signedIn" value="You are signed in with email address %s." toBeTranslated="true"/>
			<node name="registrationSuccessful" value="We created a LitRes account for you. Detailed information has been sent to %s." toBeTranslated="true"/>
			<node name="passwordSent" value="Your account information was sent to %s. Please check your mailbox." toBeTranslated="true"/>
		</node>
		<node name="waitMessage">
			<node name="translating" value="Translation in progress…" toBeTranslated="true"/>
			<node name="tryConnect" value="Trying to connect. Please wait…" toBeTranslated="true"/>
			<node name="downloadingBook" value="Könyv letöltése %s"/>
			<node name="search" value="Keresés. Egy kis türelmet…"/>
			<node name="loadInfo" value="Információ letöltése. Egy kis türelmet…"/>
			<node name="loadingBook" value="Könyv megnyitása. Egy kis türelmet…"/>
			<node name="loadingBookList" value="Könyvtár megnyitása. Egy kis türelmet…"/>
			<node name="creatingBooksDatabase" value="Adatbázis létrehozása. Egy kis türelmet…"/>
			<node name="updatingBooksDatabase" value="Adatbázis frissítése. Egy kis türelmet…"/>
			<node name="loadingNetworkLibrary" value="Könyvtár megnyitása. Egy kis türelmet…"/>
			<node name="authentication" value="Bejelentkezés. Egy kis türelmet…"/>
			<node name="signOut" value="Kijelentkezés. Egy kis türelmet…"/>
			<node name="purchaseBook" value="Könyv vásárlása. Egy kis türelmet…"/>
			<node name="loadingCatalogInfo" value="Katalógus információ letöltése. Egy kis türelmet…"/>
			<node name="loadingNetworkBookInfo" value="Könyv információinak letöltése. Egy kis türelmet…"/>
			<node name="updatingCatalogsList" value="Katalógus listák frissítése. Egy kis türelmet…"/>
			<node name="updatingAccountInformation" value="Fiókadatok frissítése. Egy kis türelmet…"/>
			<node name="initDRMEngine" value="Initialising DRM engine. Please wait…" toBeTranslated="true"/>
			<node name="acquireLicence" value="Acquiring licence. Please wait…" toBeTranslated="true"/>
			<node name="registerUser" value="Fiók létrehozása. Egy kis türelmet…"/>
			<node name="autoSignIn" value="Signing in. Please wait…" toBeTranslated="true"/>
			<node name="recoverPassword" value="Recovering password. Please wait…" toBeTranslated="true"/>
		</node>
		<node name="networkError">
			<node name="internalError" value="Belső szerverhiba"/>
			<node name="purchaseNotEnoughMoney" value="Nincs elegendő pénz a számláján"/>
			<node name="purchaseMissingBook" value="Nincs ilyen könyv"/>
			<node name="purchaseAlreadyPurchased" value="Már megvásárolta a könyvet"/>
			<node name="bookNotPurchased" value="A könyv nincs megvásárolva"/>
			<node name="downloadLimitExceeded" value="Túllépte a letöltési korlátot"/>
			<node name="noUserForEmail" value="Nincs regisztrált felhasználónk&#10;ezzel az e-mail címmel"/>
			<node name="unsupportedOperation" value="Nem támogatott művelet"/>
			<node name="notAnOPDS" value="Ez nem OPSD formátumú katalógus"/>
			<node name="noRequiredInformation" value="Szükséges információ nincs megadva a katalógusban"/>
			<node name="cacheDirectoryError" value="Gyorsítótár létrehozása sikertelen"/>
			<node name="usernameAlreadyInUse" value="Ez a felhasználónév már foglalt"/>
			<node name="usernameNotSpecified" value="Adjon meg felhasználónevet"/>
			<node name="passwordNotSpecified" value="Adjon meg jelszót"/>
			<node name="passwordsDoNotMatch" value="A két jelszónak meg kell egyeznie."/>
			<node name="emailNotSpecified" value="Adjon meg egy érvényes e-mail címet"/>
			<node name="emailAlreadyInUse" value="A megadott e-mail cím már regisztrálva van"/>
			<node name="invalidEMail" value="Érvénytelen e-mail cím"/>
			<node name="tooManyRegistrations" value="Túl sok regisztrációs kérés erről az IP-címről;&#10;próbálja meg pár perc múlva ismét!"/>
		</node>
		<node name="AuthenticationDialog">
			<node name="title" value="Bejelentkezés"/>
			<node name="unencryptedWarning" value="Jelszava titkosítatlanul lesz elküldve"/>
			<node name="login" value="Felhasználónév"/>
			<node name="password" value="Jelszó"/>
			<node name="loginIsEmpty" value="A felhasználónév nem lehet üres"/>
			<node name="register" value="Regisztráció"/>
		</node>
		<node name="CustomCatalogDialog">
			<node name="title" value="FBReader: egyéni katalógus hozzáadása"/>
			<node name="catalogTitle" value="Cím"/>
			<node name="catalogUrl" value="URL"/>
			<node name="catalogSummary" value="Leírás"/>
			<node name="catalogTitleExample" value="Pl.: Project Gutenberg katalógus"/>
			<node name="catalogUrlExample" value="Pl.: http://m.gutenberg.org/"/>
			<node name="catalogSummaryExample" value="Pl.: Ingyenes könyvek"/>
			<node name="titleIsEmpty" value="A cím nem lehet üres"/>
			<node name="urlIsEmpty" value="Az URL nem lehet üres"/>
			<node name="invalidUrl" value="Érvényelen URL"/>
			<node name="titleAlreadyExists" value="A megadott cím már használatban van"/>
			<node name="siteAlreadyExists" value="A megadott oldal már használatban van"/>
		</node>
		<node name="languageFilterDialog">
			<node name="title" value="Nyelvi szűrő"/>
		</node>
		<node name="tips">
			<node name="title" value="A nap tippje"/>
			<node name="initializationText" value="Szeretne naponta tippeket kapni az FBReaderről? Az új tippek az FBReader webhelyéről töltődnek le. A várható hálózati forgalom 1-2 kilobyte hetente.&#10;&#10;Bekapcsolja a tippeket?"/>
			<node name="dontShowAgain" value="Ne mutassa többet"/>
			<node name="more" value="Következő"/>
		</node>
		<node name="screenHint">
			<node name="message1" value="FBReader works in fullscreen mode by default. Tap the centre third of the screen now to show controls. You can change this in the “Appearance” section of the Settings dialog." toBeTranslated="true"/>
			<node name="message2" value="Well done! Now tap the centre third of the screen again to hide the controls and this hint. If you want to keep controls on the screen while reading, select the “Show action bar” option in “Appearance” in Settings." toBeTranslated="true"/>
		</node>
		<node name="folderList">
			<node name="addFolder" value="Add folder" toBeTranslated="true"/>
			<node name="removeDialog" value="Remove folder" toBeTranslated="true">
				<node name="message" value="Remove “%s” from the list?" toBeTranslated="true"/>
			</node>
			<node name="duplicate" value="“%s” is already in the list" toBeTranslated="true"/>
		</node>
		<node name="editList">
			<node name="edit" value="Edit" toBeTranslated="true"/>
			<node name="remove" value="Remove" toBeTranslated="true"/>
		</node>
		<node name="editTags" value="Tags" toBeTranslated="true">
			<node name="addTag" value="Add tag" toBeTranslated="true"/>
			<node name="editTag" value="Edit tag" toBeTranslated="true"/>
			<node name="removeTag" value="Remove tag" toBeTranslated="true">
				<node name="message" value="Remove tag “%s” from the list?" toBeTranslated="true"/>
			</node>
		</node>
		<node name="editAuthors" value="Authors" toBeTranslated="true">
			<node name="addAuthor" value="Add author" toBeTranslated="true"/>
			<node name="editAuthor" value="Edit author" toBeTranslated="true"/>
			<node name="removeAuthor" value="Remove author" toBeTranslated="true">
				<node name="message" value="Remove author “%s” from the list?" toBeTranslated="true"/>
			</node>
		</node>
		<node name="fileChooser">
			<node name="root" value="Root" toBeTranslated="true"/>
			<node name="newFolder" value="New folder" toBeTranslated="true"/>
			<node name="folderNameHint" value="Folder name" toBeTranslated="true"/>
			<node name="menu">
				<node name="origin" value="Origin" toBeTranslated="true"/>
				<node name="reload" value="Reload" toBeTranslated="true"/>
			</node>
			<node name="sortBy" value="Sort by" toBeTranslated="true">
				<node name="name" value="Name" toBeTranslated="true"/>
				<node name="size" value="Size" toBeTranslated="true"/>
				<node name="date" value="Date" toBeTranslated="true"/>
			</node>
			<node name="permissionDenied" value="Permission denied" toBeTranslated="true"/>
		</node>
		<node name="missingPlugin" value="Missing plugin" toBeTranslated="true">
			<node name="message" value="Plugin for %s files is not installed. Install now?" toBeTranslated="true"/>
		</node>
		<node name="licensing" value="Not licensed" toBeTranslated="true">
			<node name="message" value="%s is not licensed. Purchase on Google Play now?" toBeTranslated="true"/>
		</node>
		<node name="retryLicensing" value="Licence verification" toBeTranslated="true">
			<node name="message" value="Cannot verify %s licence. Try again?" toBeTranslated="true"/>
		</node>
	</node>
	<node name="errorMessage">
		<node name="nativeCodeFailure" value="%s hiba a natív kódban '%s' olvasása közben"/>
		<node name="errorReadingFile" value="Hiba történt olvasás közben: '%s'"/>
		<node name="errorReadingZip" value="Hiba történt a kicsomagoláskor: '%s'"/>
		<node name="pluginNotFound" value="Nem található bővítmény '%s'"/>
		<node name="unknownPluginType" value="Ismeretlen bővítmény típus: %s"/>
		<node name="fileNotFound" value="A fájl nem található: %s"/>
		<node name="unsupportedEncryptionMethod" value="File %s encryption method is not supported by FBReader. Some pages are not readable" toBeTranslated="true"/>
		<node name="opfFileNotFound" value="OPF inem található %s"/>
		<node name="unsupportedFileFormat" value="Nem támogatott fájlformátum: '%s'"/>
		<node name="errorParsingRtf" value="Rtf feldolgozási hiba: %s"/>
		<node name="cannotRunAndroidMarket" value="A Play Store elérése sikertelen. Kérjük, telepítse manuálisan a következőt: %s "/>
		<node name="textNotFound" value="A keresett szöveg nem található a könyvben"/>
		<node name="bookNotFound" value="A keresett könyv nem található meg a könyvtárban"/>
		<node name="bookmarkNotFound" value="Sajnos nem találhatóak könyvjelzők"/>
		<node name="cannotOpenBook" value="A könyv sajnos jelenleg nem nyitható meg"/>
		<node name="dictionaryIsNotInstalled" value="Sajnos nincs telepítve szótár"/>
		<node name="permissionDenied" value="Sanos nem engedélyezett"/>
		<node name="noFavorites" value="A Kedvencek listája üres"/>
		<node name="noSeries" value="Sajnos nincsenek könyvek a sorozatban"/>
		<node name="emptyCatalog" value="A katalógus üres"/>
		<node name="emptyBasket" value="A kosár sajnos üres"/>
		<node name="emptyNetworkSearchResults" value="Nem található megfelelő könyv"/>
		<node name="videoServiceNotWorking" value="Video service is not available" toBeTranslated="true"/>
		<node name="videoPlayerNotFound" value="No video player installed on this device" toBeTranslated="true"/>
		<node name="bookIsMissingTitle" value="Missing book" toBeTranslated="true"/>
		<node name="bookIsMissing" value="Book '%s' is not found on the device" toBeTranslated="true"/>
		<node name="downloadFailed" value="Letöltés sikertelen"/>
	</node>
	<node name="external">
		<node name="browser" value="Böngésző"/>
		<node name="defaultBrowser" value="Alapértelmezett böngésző"/>
	</node>
	<node name="crash">
		<node name="fixBooksDirectory">
			<node name="title" value="FBReader probléma"/>
			<node name="text" value="Cannot write to FBReader cache. Please check that your memory card is inserted correctly, or select another directory." toBeTranslated="true"/>
		</node>
		<node name="missingNativeLibrary">
			<node name="title" value="FBReader probléma"/>
			<node name="text" value="Az FBReader nem tudta betölteni a helyi könyvtárat. Lehet, hogy nincs megfelelően telepítve. Ha a probléma nem szűnik meg, próbálja meg újratelepíteni az FBReadert."/>
		</node>
	</node>
	<node name="error">
		<node name="bookReading">
			<node name="title" value="FBReader probléma"/>
		</node>
	</node>
	<node name="links">
		<node name="faqPage" value="https://fbreader.org/faq-page"/>
	</node>
	<node name="plugins" value="Bővítmények telepítése">
		<node name="noMorePlugins" value="Jelenleg nincs új bővítmény"/>
		<node name="litres" value="LitRes">
			<node name="summary" value="Orosz könyváruház"/>
		</node>
		<node name="tts_plus" value="TTS+">
			<node name="summary" value="Hangos felolvasás"/>
		</node>
		<node name="calibre_server_integration" value="Calibre connection" toBeTranslated="true">
			<node name="summary" value="Connect to Calibre server in your local network" toBeTranslated="true"/>
		</node>
		<node name="local_opds_scanner" value="Helyi OPDS kereső">
			<node name="summary" value="Könyvek keresése a helyi hálózaton"/>
		</node>
		<node name="bookshelf" value="Könyvespolc">
			<node name="summary" value="Könyvtár előnézeti képes megjelenítése"/>
		</node>
		<node name="opds_server" value="OPDS szerver">
			<node name="summary" value="Könyvmegosztó szerver indítása az eszközön"/>
		</node>
		<node name="widgets" value="Widgetek">
			<node name="summary" value="Könyvek megjelenítése a kezdőképernyőn"/>
		</node>
		<node name="pdf" value="PDF">
			<node name="summary" value="PDF formátumú könyvek olvasása"/>
		</node>
		<node name="djvu" value="DjVu" toBeTranslated="true">
			<node name="summary" value="Read books in DjVu format" toBeTranslated="true"/>
		</node>
		<node name="cbr" value="Comic Books" toBeTranslated="true">
			<node name="summary" value="Read comic books (CBR, CBZ)" toBeTranslated="true"/>
		</node>
	</node>
	<node name="drm">
		<node name="encryptedSection" value="Encrypted section" toBeTranslated="true"/>
	</node>
	<node name="yota">
		<node name="frontScreenMessage" value="Fordítsa meg az eszközt az olvasáshoz. Ehhez a képernyőhöz való visszatéréshez nyomja meg az alsó gombot."/>
		<node name="frontScreenButton" value="Váltás erre a kijelzőre"/>
	</node>
	<node name="hint">
		<node name="positiveLength" value="E.g.: 20px, 10pt, 0.8em, 1ex, 120%" toBeTranslated="true"/>
		<node name="length" value="E.g.: -2px, 10pt, -0.8em, 1.1ex, -40%" toBeTranslated="true"/>
		<node name="percent" value="E.g.: 125%" toBeTranslated="true"/>
	</node>
	<node name="duration">
		<node name="duration1" value="1 second" toBeTranslated="true"/>
		<node name="duration3" value="3 seconds" toBeTranslated="true"/>
		<node name="duration5" value="5 seconds" toBeTranslated="true"/>
		<node name="duration10" value="10 seconds" toBeTranslated="true"/>
		<node name="duration20" value="20 seconds" toBeTranslated="true"/>
		<node name="duration40" value="40 seconds" toBeTranslated="true"/>
		<node name="duration60" value="1 minute" toBeTranslated="true"/>
		<node name="duration300" value="5 minutes" toBeTranslated="true"/>
	</node>
	<node name="textSearchPopup">
		<node name="findPrevious" value="Previous occurence" toBeTranslated="true"/>
		<node name="findNext" value="Next occurence" toBeTranslated="true"/>
		<node name="close" value="Close" toBeTranslated="true"/>
	</node>
	<node name="selectionPopup">
		<node name="copyToClipboard" value="Vágólapra másol"/>
		<node name="share" value="Share text" toBeTranslated="true"/>
		<node name="openInDictionary" value="Megnyitás szótárban"/>
		<node name="translate" value="Translate" toBeTranslated="true"/>
		<!-- this is a verb: make a bookmark -->
		<node name="bookmark" value="Bookmark" toBeTranslated="true"/>
		<node name="close" value="Close" toBeTranslated="true"/>
	</node>
	<node name="dictanErrors">
		<node name="unknown" value="Unknown error" toBeTranslated="true"/>
		<node name="noArticle" value="No article found for “%s”" toBeTranslated="true"/>
		<node name="cannotOpenDictionary" value="Cannot open dictionary" toBeTranslated="true"/>
		<node name="noDictionarySelected" value="Dictionary not selected; please adjust Dictan settings" toBeTranslated="true"/>
	</node>
	<node name="premium" value="FBReader Premium Edition" toBeTranslated="true">
		<node name="shortTitle" value="FBReader Premium" toBeTranslated="true"/>
		<node name="conflict" value="Both FBReader and FBReader Premium appear to be installed. Which one would you like to run?" toBeTranslated="true"/>
	</node>
	<node name="widget">
		<node name="simple">
			<node name="selectIcon" value="Select widget icon" toBeTranslated="true"/>
			<node name="selectAction" value="Select action" toBeTranslated="true"/>
			<node name="book" value="Read book" toBeTranslated="true"/>
			<node name="library" value="Open library" toBeTranslated="true"/>
		</node>
	</node>
</resources>
