<?xml version="1.0" encoding="UTF-8"?>
<!-- Italian FBReaderJ resources, by Vytek, Neoxx and OlapGirl from AndDev.it Translate Team -->
<!-- 21.02 25/08/2011 -->
<!-- Updated by Michelangelo Della Camera, 8 Oct 2015 -->
<resources>
	<node name="library" value="Libreria FBReader">
		<node name="unknownAuthor" value="Autore sconosciuto"/>
		<node name="booksWithNoTags" value="Libri con nessuna etichetta"/>
		<node name="demo" value="esempio"/>
		<node name="byAuthor" value="Per autore">
			<node name="summary" value="Libri ordinati per autore"/>
		</node>
		<node name="byTitle" value="Per titolo">
			<node name="summary" value="Libri ordinati per titolo"/>
		</node>
		<node name="bySeries" value="Per serie">
			<node name="summary" value="Libri ordinati per serie"/>
		</node>
		<node name="byTag" value="Per etichetta">
			<node name="summary" value="Libri ordinati per etichetta"/>
		</node>
		<node name="recent" value="Recenti">
			<node name="summary" value="Libri aperti di recente"/>
		</node>
		<node name="favorites" value="Preferiti">
			<node name="summary" value="I miei libri preferiti"/>
		</node>
		<node name="chooseView" value="Scegli la vista"/>
		<node name="wideCardsView" value="Copertina larga"/>
		<node name="smallCardsView" value="Copertina piccola"/>
		<node name="tinyCardsView" value="Copertina stretta"/>
		<node name="coversView" value="Covers" toBeTranslated="true"/>
		<node name="oldView" value="Classica"/>
		<node name="bookshelfView" value="Vista scaffale">
			<node name="summary" value="Cambia l'anteprima"/>
		</node>
		<node name="found" value="Trovato">
			<node name="summary" value="Cerca risultati per: %s"/>
		</node>
		<node name="sync" value="Sincronizzazione">
			<node name="summary" value="Books by synchronisation status" toBeTranslated="true"/>
			<node name="sync-success" value="Synchronised" toBeTranslated="true">
				<node name="summary" value="Books successfully uploaded to the server" toBeTranslated="true"/>
			</node>
			<node name="sync-failure" value="Synchronisation failed" toBeTranslated="true">
				<node name="summary" value="Books not uploaded to the server due to errors" toBeTranslated="true"/>
			</node>
			<node name="sync-deleted" value="Deleted from server" toBeTranslated="true">
				<node name="summary" value="Books no longer accessible from the server" toBeTranslated="true"/>
			</node>
			<node name="sync-tosync" value="Not synchronised yet" toBeTranslated="true">
				<node name="summary" value="Books yet to be uploaded to the server" toBeTranslated="true"/>
			</node>
		</node>
		<node name="fileTree" value="Albero dei file">
			<node name="summary" value="Visualizza file system"/>
		</node>
		<node name="fileTreeRoot" value="Dispositivo">
			<node name="summary" value="Tutto il file system del dispositivo"/>
		</node>
		<node name="fileTreeCard" value="Scheda di memoria">
			<node name="withIndex" value="Memory card No %s" toBeTranslated="true"/>
			<node name="summary" value="Scheda di memoria inserita nel dispositivo"/>
		</node>
		<node name="fileTreeLibrary" value="Libreria di FBReader">
			<node name="summary" value="Cartella dei libri di FBReader"/>
		</node>
		<node name="localSearch" value="Ricerca locale"/>
		<node name="rescan" value="Rescan" toBeTranslated="true"/>
		<node name="openBook" value="Apri libro"/>
		<node name="showBookInfo" value="Informazioni sul libro"/>
		<node name="shareBook" value="Share book" toBeTranslated="true"/>
		<node name="deleteBook" value="Cancella libro"/>
		<node name="addToFavorites" value="Aggiungi a preferiti"/>
		<node name="removeFromFavorites" value="Rimuovi da preferiti"/>
		<node name="removeFromRecents" value="Remove from recent list" toBeTranslated="true"/>
		<node name="markAsRead" value="Mark as read" toBeTranslated="true"/>
		<node name="markAsUnread" value="Mark as unread" toBeTranslated="true"/>
		<node name="deleteAll" value="Delete all" toBeTranslated="true"/>
		<node name="uploadAgain" value="Upload again" toBeTranslated="true"/>
		<node name="tryAgain" value="Try again" toBeTranslated="true"/>
	</node>
	<node name="networkLibrary" value="Libreria di rete FBReader">
		<node name="sync" value="FBReader® book network" toBeTranslated="true">
			<node name="summary" value="My personal catalogue" toBeTranslated="true"/>
		</node>
		<node name="byAuthor" value="Per autore">
			<node name="summary" value="Libri ordinati per autore"/>
		</node>
		<node name="byTitle" value="Per titolo">
			<node name="summary" value="Libri ordinati per titolo"/>
		</node>
		<node name="byDate" value="Per data">
			<node name="summary" value="Libri ordinati per data di acquisto"/>
		</node>
		<node name="bySeries" value="Per serie">
			<node name="summary" value="Libri ordinati per serie"/>
		</node>
		<node name="search" value="Ricerca">
			<node name="summary" value="Search books on %s" toBeTranslated="true"/>
			<node name="summaryAllCatalogs" value="Cerca libri nei cataloghi"/>
			<node name="summaryInProgress" value="Search in progress" toBeTranslated="true"/>
		</node>
		<node name="found" value="Trovato">
			<node name="summary" value="Cerca risultati per: %s"/>
		</node>
		<node name="recent" value="Recent catalogues" toBeTranslated="true">
			<node name="summary" value="Catalogues you browsed recently" toBeTranslated="true"/>
		</node>
		<node name="openCatalog" value="Apri catalogo"/>
		<node name="networkSearch" value="Ricerca"/>
		<node name="showResults" value="Mostra risultati"/>
		<node name="showBooks" value="Mostra libri"/>
		<node name="download" value="Scarica"/>
		<node name="read" value="Leggi copia locale"/>
		<node name="delete" value="Cancella copia locale"/>
		<node name="readDemo" value="Leggi esempio"/>
		<node name="deleteDemo" value="Cancella esempio"/>
		<node name="downloadDemo" value="Scarica esempio"/>
		<node name="buy" value="Compra (%s)"/>
		<node name="addToBasket" value="Aggiungi al carrello"/>
		<node name="removeFromBasket" value="Rimuovi dal carrello"/>
		<node name="openBasket" value="Open basket" toBeTranslated="true"/>
		<node name="clearBasket" value="Clear basket" toBeTranslated="true"/>
		<node name="buyAllBooks" value="Buy all books" toBeTranslated="true"/>
		<node name="openInBrowser" value="Apri nel browser"/>
		<node name="stopLoading" value="Ferma caricamento"/>
		<node name="stopSearching" value="Ferma ricerca"/>
		<node name="signIn" value="Entra"/>
		<node name="signOut" value="Esci (%s)"/>
		<node name="signUp" value="Sign up" toBeTranslated="true"/>
		<node name="quickBuy" value="Quick buy" toBeTranslated="true"/>
		<node name="topup" value="Ricarica account (corrente: %s)"/>
		<node name="topupTitle" value="Ricarica account"/>
		<node name="topupViaBrowser" value="Apri pagina nel browser"/>
		<node name="authorisationMenuTitle" value="Select action" toBeTranslated="true"/>
		<node name="topupSummary" value="Corrente: %s"/>
		<node name="basket" value="Basket" toBeTranslated="true"/>
		<node name="basketSummaryEmpty" value="No books" toBeTranslated="true"/>
		<node name="basketSummaryCountOnly" value="%0 books" toBeTranslated="true"/>
		<node name="basketSummary" value="%0 book(s) (%1)"/>
		<node name="alreadyDownloading" value="Sto scaricando il libro"/>
		<node name="alreadyDownloadingDemo" value="Sto scaricando il libro d'esempio"/>
		<node name="stoppingCatalogLoading" value="Sto fermando il caricamento"/>
		<node name="stoppingNetworkSearch" value="Sto fermando la ricerca"/>
		<node name="editCustomCatalog" value="Modifica catalogo"/>
		<node name="removeCustomCatalog" value="Cancella catalogo"/>
		<node name="addCustomCatalog" value="Aggiungi catalogo"/>
		<node name="addCustomCatalogSummary" value="Aggiungi catalogo OPDS personalizzato manualmente"/>
		<node name="disableCatalog" value="Disable catalogue" toBeTranslated="true"/>
		<node name="confirmQuestions">
			<node name="read" value="Vuoi leggere la copia locale?"/>
			<node name="download" value="Vuoi scaricare questo libro?"/>
			<node name="readDemo" value="Vuoi leggere l'esempio?"/>
			<node name="downloadDemo" value="Vuoi scaricare l'esempio?"/>
			<node name="buy" value="Vuoi comprare questo libro? (%s)"/>
			<node name="openInBrowser" value="Vuoi aprire questo catalogo nel browser?"/>
		</node>
		<node name="downloadingCatalogs" value="Scaricamento cataloghi"/>
		<!-- used as notification title -->
		<node name="searchingNetwork" value="Ricerca libri in rete"/>
		<!-- used as notification title -->
		<node name="addCatalog">
			<node name="title" value="Add catalogue" toBeTranslated="true"/>
			<node name="editUrl" value="Enter URL manually" toBeTranslated="true"/>
		</node>
		<node name="manageCatalogs" value="Manage catalogues" toBeTranslated="true">
			<node name="summary" value="Configure your catalogues" toBeTranslated="true"/>
			<node name="enabled" value="Enabled" toBeTranslated="true"/>
			<node name="disabled" value="Disabled" toBeTranslated="true"/>
		</node>
		<node name="menu">
			<node name="openRoot" value="Root catalogue" toBeTranslated="true"/>
			<node name="networkSearch" value="Ricerca in rete"/>
			<node name="reload" value="Ricarica"/>
			<node name="signIn" value="Entra"/>
			<node name="signUp" value="Registrati"/>
			<node name="signOut" value="Esci (%s)"/>
			<node name="topup" value="Ricarica account"/>
			<node name="addCustomCatalog" value="Aggiungi catalogo"/>
			<node name="refreshCatalogsList" value="Aggiorna cataloghi"/>
			<node name="manageCatalogs" value="Manage catalogues" toBeTranslated="true"/>
			<node name="clearBasket" value="Clear basket" toBeTranslated="true"/>
			<node name="buyAllBooks" value="Buy all books" toBeTranslated="true"/>
		</node>
	</node>
	<node name="buyBook">
		<node name="title" value="Libro acquistato"/>
		<node name="titleSeveralBooks" value="Purchase books" toBeTranslated="true"/>
		<node name="confirm" value="Sei sicuro di voler comprare il libro &#10;“%s”&#10;?"/>
		<node name="confirmSeveralBooks" value="Are you sure you want to buy %s books?" toBeTranslated="true"/>
		<node name="alreadyBought" value="Il libro è già stato acquistato"/>
		<node name="notAuthorised" value="Authorisation required" toBeTranslated="true"/>
		<node name="noAccountInformation" value="Cannot load account details" toBeTranslated="true"/>
		<node name="unsufficientFunds" value="This purchase costs %0, your balance is %1" toBeTranslated="true"/>
		<node name="zeroFunds" value="This purchase costs %0" toBeTranslated="true"/>
	</node>
	<node name="bookInfo">
		<node name="bookInfo" value="Info Libro"/>
		<node name="fileInfo" value="Info File"/>
		<node name="description" value="Descrizione"/>
		<node name="noDescription" value="Nessuna descrizione presente."/>
		<node name="annotation" value="Annotazione:"/>
		<node name="title" value="Titolo:"/>
		<node name="authors" value="Autori:"/>
		<node name="series" value="Serie:"/>
		<node name="indexInSeries" value="Indice in serie:"/>
		<node name="tags" value="Etichette:"/>
		<node name="language" value="Lingua:"/>
		<node name="name" value="Nome:"/>
		<node name="type" value="Tipo:"/>
		<node name="size" value="Dimensione:"/>
		<node name="time" value="Ultima modifica:"/>
		<node name="sizeInBytes" value="%s byte(s)"/>
		<node name="sizeInKiloBytes" value="%s kB"/>
		<node name="catalog" value="Catalogo:"/>
		<node name="extraLinks" value="Collegamenti correlati:"/>
		<node name="menu">
			<node name="edit" value="Modifica"/>
		</node>
	</node>
	<node name="bookDownloader">
		<node name="downloadCompleteTicker" value="Il libro è stato scaricato"/>
		<node name="downloadFailedTicker" value="Errore nello scaricamento del libro"/>
		<node name="downloadComplete" value="Scaricamento completato"/>
		<node name="downloadFailed" value="Scaricamento fallito"/>
		<node name="downloadStarted" value="Il download del libro è iniziato"/>
		<node name="alreadyDownloading" value="Il libro è stato già scaricato"/>
		<node name="cannotCreateDirectory" value="Impossibile creare la cartella %s"/>
		<node name="cannotCreateFile" value="Impossibile creare il file %s"/>
	</node>
	<node name="tocView">
		<node name="expandTree" value="Espandi albero"/>
		<node name="collapseTree" value="Comprimi albero"/>
		<node name="readText" value="Leggi testo del libro"/>
	</node>
	<node name="bookmarksView">
		<node name="thisBook" value="Questo libro"/>
		<node name="allBooks" value="Tutti i libri"/>
		<node name="new" value="Nuovo segnalibro"/>
		<node name="openBook" value="Apri"/>
		<node name="editBookmark" value="Modifica segnalibro"/>
		<node name="deleteBookmark" value="Cancella segnalibro"/>
		<node name="search" value="Cerca"/>
	</node>
	<node name="editBookmark">
		<node name="text" value="Text" toBeTranslated="true"/>
		<node name="style" value="Style" toBeTranslated="true"/>
		<node name="delete" value="Delete" toBeTranslated="true"/>
		<node name="deleteBookmark" value="Cancella segnalibro"/>
		<node name="saveText" value="Save text" toBeTranslated="true"/>
		<node name="editStyle" value="Edit style…" toBeTranslated="true"/>
	</node>
	<node name="toast">
		<node name="more" value="More" toBeTranslated="true"/>
		<node name="offline" value="Offline" toBeTranslated="true"/>
	</node>
	<node name="cancelMenu">
		<node name="library" value="Open library" toBeTranslated="true"/>
		<node name="networkLibrary" value="Open network library" toBeTranslated="true"/>
		<node name="previousBook" value="Apri libro precedente"/>
		<node name="returnTo" value="Ritorna a …"/>
		<node name="back" value="Indietro"/>
		<node name="forward" value="Avanti"/>
		<node name="close" value="Chiudi FBReader"/>
	</node>
	<node name="style" value="Style %s" toBeTranslated="true"/>
	<node name="editStyle" value="Edit style" toBeTranslated="true">
		<node name="name" value="Style name" toBeTranslated="true"/>
		<node name="invisible" value="Invisible" toBeTranslated="true">
			<node name="summaryOn" value="Do not highlight bookmarks" toBeTranslated="true"/>
			<node name="summaryOff" value="Highlight bookmarks" toBeTranslated="true"/>
		</node>
		<node name="bgColor" value="Background colour" toBeTranslated="true"/>
	</node>
	<node name="selection" value="Selezione">
		<node name="quoteFrom" value="Citazione da %s"/>
		<node name="textInBuffer" value="Copiato negli appunti:&#10;%s"/>
	</node>
	<node name="sharing">
		<node name="sharedFrom" value="Shared from &lt;a href=&quot;https://fbreader.org/&quot;&gt;FBReader&lt;/a&gt;" toBeTranslated="true"/>
	</node>
	<node name="menu">
		<node name="whatsnew" value="What's new" toBeTranslated="true"/>
		<node name="openStartScreen" value="Start screen" toBeTranslated="true"/>
		<node name="preferences" value="Configurazioni"/>
		<node name="bookInfo" value="Info libro"/>
		<node name="library" value="Biblioteca"/>
		<node name="toc" value="Indice"/>
		<node name="day" value="Giorno"/>
		<node name="night" value="Notte"/>
		<node name="dayNight" value="Day/Night" toBeTranslated="true"/>
		<node name="yotaSwitchToBackScreen" value="Switch to back screen" toBeTranslated="true"/>
		<node name="yotaSwitchToFrontScreen" value="Switch to front screen" toBeTranslated="true"/>
		<node name="networkLibrary" value="Biblioteca di rete"/>
		<node name="navigate" value="Naviga">
			<node name="toc" value="Indice"/>
			<node name="gotoHome" value="Vai all'inizio del Documento"/>
			<node name="gotoSectionStart" value="Vai all'inizio della Sezione"/>
			<node name="gotoSectionEnd" value="Vai alla fine della Sezione"/>
			<node name="nextTOCSection" value="Vai alla successiva voce TOC"/>
			<node name="previousTOCSection" value="Vai alla precedente voce TOC"/>
			<node name="undo" value="Torna indietro"/>
			<node name="redo" value="Vai avanti"/>
		</node>
		<node name="shareBook" value="Share book" toBeTranslated="true"/>
		<node name="search" value="Cerca"/>
		<node name="rotate" value="Ruota schermo"/>
		<node name="screenOrientation" value="Screen orientation" toBeTranslated="true"/>
		<node name="screenOrientationSystem" value="System" toBeTranslated="true"/>
		<node name="screenOrientationSensor" value="Auto-rotate" toBeTranslated="true"/>
		<node name="screenOrientationPortrait" value="Portrait" toBeTranslated="true"/>
		<node name="screenOrientationLandscape" value="Landscape" toBeTranslated="true"/>
		<node name="screenOrientationReversePortrait" value="Reverse portrait" toBeTranslated="true"/>
		<node name="screenOrientationReverseLandscape" value="Reverse landscape" toBeTranslated="true"/>
		<node name="increaseFont" value="Zoom +"/>
		<node name="decreaseFont" value="Zoom -"/>
		<node name="changeFontSize" value="Zoom in/out" toBeTranslated="true"/>
		<node name="toggleFullscreen" value="Tutto schermo"/>
		<node name="bookmarks" value="Segnalibri"/>
		<node name="help" value="Help" toBeTranslated="true"/>
		<node name="plugins" value="Install plugins" toBeTranslated="true"/>
		<node name="gotoPageNumber" value="Vai a Pagine…"/>
	</node>
	<node name="BookInfo">
		<node name="fileName" value="Nome file"/>
		<node name="title" value="Titolo"/>
		<node name="language" value="Lingua"/>
		<node name="encoding" value="Codifica"/>
		<node name="authors" value="Autori"/>
		<node name="tags" value="Etichette"/>
		<node name="series" value="Serie"/>
	</node>
	<node name="Preferences" value="FBReader settings" toBeTranslated="true">
		<node name="sync" value="Synchronisation" toBeTranslated="true">
			<node name="summary" value="Book network settings" toBeTranslated="true"/>
			<node name="site" value="Read more about synchronisation" toBeTranslated="true">
				<node name="url" value="https://books.fbreader.org/help.html" toBeTranslated="true"/>
			</node>
			<node name="enable" value="Enable synchronisation" toBeTranslated="true">
				<node name="summaryOn" value="Synchronise my library with FBReader book network server" toBeTranslated="true"/>
				<node name="summaryOnWithAccount" value="Synchronise my library as %s" toBeTranslated="true"/>
				<node name="summaryOff" value="Do not synchronise my library with FBReader book network server" toBeTranslated="true"/>
			</node>
			<node name="values">
				<node name="always" value="Always" toBeTranslated="true"/>
				<node name="viaWifi" value="If device is connected via Wi-Fi" toBeTranslated="true"/>
				<node name="never" value="Never" toBeTranslated="true"/>
			</node>
			<node name="uploadAllBooks" value="Upload all books to server" toBeTranslated="true"/>
			<node name="downloadAllBooks" value="Download all books from server" toBeTranslated="true"/>
			<node name="downloadCurrentBook" value="Download current book from server" toBeTranslated="true"/>
			<node name="positions" value="Synchronise reading positions" toBeTranslated="true"/>
			<node name="bookmarks" value="Synchronise bookmarks" toBeTranslated="true"/>
			<node name="customShelves" value="Synchronise custom shelves" toBeTranslated="true"/>
			<node name="metainfo" value="Synchronise metainfo (title, tags, etc.)" toBeTranslated="true"/>
			<node name="changeCurrentBook" value="Change current book" toBeTranslated="true">
				<node name="summaryOn" value="Open same book on all devices" toBeTranslated="true"/>
				<node name="summaryOff" value="Synchronise reading positions, but do not open same book on all devices" toBeTranslated="true"/>
			</node>
		</node>
		<node name="directories" value="Cartelle">
			<node name="summary" value="Cartella in cui cercare i File"/>
			<node name="bookPath" value="Where to search for books" toBeTranslated="true">
				<node name="chooserTitle" value="Cartella dei Libri"/>
			</node>
			<node name="downloadDir" value="Where to store downloaded books" toBeTranslated="true">
				<node name="chooserTitle" value="Cartella dei Libri"/>
			</node>
			<node name="fontPath" value="Where to search for fonts" toBeTranslated="true">
				<node name="chooserTitle" value="Cartella dei Fonts"/>
			</node>
			<node name="tempDir" value="Where to store temporary files" toBeTranslated="true">
				<node name="chooserTitle" value="Temp files folder" toBeTranslated="true"/>
			</node>
		</node>
		<node name="appearance" value="Aspetto">
			<node name="summary" value="Rotazione, barra di stato"/>
			<node name="language" value="Interface language" toBeTranslated="true"/>
			<node name="screenOrientation" value="Screen orientation" toBeTranslated="true">
				<node name="system" value="System" toBeTranslated="true"/>
				<node name="sensor" value="Auto-rotate" toBeTranslated="true"/>
				<node name="portrait" value="Portrait" toBeTranslated="true"/>
				<node name="landscape" value="Landscape" toBeTranslated="true"/>
				<node name="reversePortrait" value="Reverse portrait" toBeTranslated="true"/>
				<node name="reverseLandscape" value="Reverse landscape" toBeTranslated="true"/>
			</node>
			<node name="autoOrientation" value="Rotazione automatica">
				<node name="summaryOn" value="Il display ruoterà quando l'utente muove il terminale"/>
				<node name="summaryOff" value="Il display NON ruoterà quando l'utente muove il terminale"/>
			</node>
			<node name="showStatusBar" value="Mostra barra di stato">
				<node name="summaryOn" value="Mostra barra di stato in modalità lettura"/>
				<node name="summaryOff" value="Nascondi barra di stato in modalità lettura"/>
			</node>
			<node name="showActionBar" value="Show action bar" toBeTranslated="true">
				<node name="summaryOn" value="Show action bar in reading mode" toBeTranslated="true"/>
				<node name="summaryOff" value="Hide action bar in reading mode" toBeTranslated="true"/>
			</node>
			<node name="showStatusBarWhenMenuIsActive" value="Mostra barra di stato quando menu attivo">
				<node name="summaryOn" value="Mostra barra di stato quando il menu diventa attivo"/>
				<node name="summaryOff" value="Non mostrare barra di stato quando menu diventa attivo"/>
			</node>
			<node name="fullscreenMode" value="Fullscreen mode" toBeTranslated="true">
				<node name="summaryOn" value="Hide navigation controls" toBeTranslated="true"/>
				<node name="summaryOff" value="Show navigation controls" toBeTranslated="true"/>
			</node>
			<node name="disableButtonLights" value="Disabilitare i pulsanti hardware luce durante la lettura">
				<node name="summaryOn" value="Disabilita pulsanti luce (potrebbe non funzionare per alcuni dispositivi"/>
				<node name="summaryOff" value="Non tentare di disabilitare i pulsanti luce"/>
			</node>
			<node name="twoColumnView" value="Two column view" toBeTranslated="true">
				<node name="summaryOn" value="Display text in two columns when viewed horizontally" toBeTranslated="true"/>
				<node name="summaryOff" value="Always display text in one column" toBeTranslated="true"/>
			</node>
			<node name="allowScreenBrightnessAdjustment" value="Regolazione della luminosità dello schermo">
				<node name="summaryOn" value="Trascinando il dito su / giù lungo il lato sinistro dello schermo"/>
				<node name="summaryOff" value="Disabilitato"/>
			</node>
			<node name="dontTurnScreenOff" value="Evita spegnimento schermo">
				<node name="0" value="Sempre"/>
				<node name="25" value="Mentre il livello della batteria è superiore al 25 per cento"/>
				<node name="50" value="Mentre il livello della batteria è superiore al 50 per cento"/>
				<node name="100" value="Mai"/>
			</node>
			<node name="dontTurnScreenOffDuringCharging" value="Disabilita spegnimento automatico schermo durante ricarica">
				<node name="summaryOn" value="Evita spegnimento automatico dello schermo se il dispositivo è in modalità di ricarica"/>
				<node name="summaryOff" value="Spegni schermo anche se il dispositivo è in in modalità di ricarica"/>
			</node>
		</node>
		<node name="text" value="Testo">
			<node name="summary" value="Tipo di carattere, sillabazioni, etc."/>
			<node name="fontProperties" value="Font properties" toBeTranslated="true">
				<node name="summary" value="Font smoothing options" toBeTranslated="true"/>
				<node name="antiAlias" value="Antialiasing" toBeTranslated="true">
					<node name="summaryOn" value="Antialiasing is enabled" toBeTranslated="true"/>
					<node name="summaryOff" value="Antialiasing is disabled" toBeTranslated="true"/>
				</node>
				<node name="deviceKerning" value="Device kerning" toBeTranslated="true">
					<node name="summaryOn" value="Device kerning is enabled" toBeTranslated="true"/>
					<node name="summaryOff" value="Device kerning is disabled" toBeTranslated="true"/>
				</node>
				<node name="dithering" value="Dithering" toBeTranslated="true">
					<node name="summaryOn" value="Colour dithering is enabled" toBeTranslated="true"/>
					<node name="summaryOff" value="Colour dithering is disabled" toBeTranslated="true"/>
				</node>
				<node name="hinting" value="Hinting" toBeTranslated="true">
					<node name="summaryOn" value="Font hinting is enabled" toBeTranslated="true"/>
					<node name="summaryOff" value="Font hinting is disabled" toBeTranslated="true"/>
				</node>
				<node name="subpixel" value="Subpixel smoothing" toBeTranslated="true">
					<node name="summaryOn" value="Subpixel smoothing is enabled" toBeTranslated="true"/>
					<node name="summaryOff" value="Subpixel smoothing is disabled" toBeTranslated="true"/>
				</node>
			</node>
			<node name="font" value="Famiglia di caratteri">
				<node name="inherit" value="&lt;non cambiare&gt;"/>
			</node>
			<node name="fontSize" value="Dimensione carattere"/>
			<node name="fontStyle" value="Stile carattere">
				<node name="regular" value="Normale"/>
				<node name="bold" value="Grassetto"/>
				<node name="italic" value="Corsivo"/>
				<node name="boldItalic" value="Grassetto corsivo"/>
			</node>
			<node name="bold" value="Grassetto">
				<node name="bold" value="grassetto"/>
				<node name="normal" value="normale"/>
				<node name="inherit" value="&lt;non cambiare&gt;"/>
			</node>
			<node name="italic" value="Corsivo">
				<node name="italic" value="corsivo"/>
				<node name="normal" value="normale"/>
				<node name="inherit" value="&lt;non cambiare&gt;"/>
			</node>
			<node name="textDecoration" value="Text decoration" toBeTranslated="true">
				<node name="inherit" value="&lt;unchanged&gt;" toBeTranslated="true"/>
				<node name="none" value="no decorations" toBeTranslated="true"/>
				<node name="underline" value="underlined" toBeTranslated="true"/>
				<node name="line-through" value="strikethrough" toBeTranslated="true"/>
			</node>
			<node name="lineSpacing" value="Interlinea">
				<node name="inherit" value="&lt;non cambiare&gt;"/>
			</node>
			<node name="alignment" value="Allineamento">
				<node name="left" value="Sinistra"/>
				<node name="right" value="Destra"/>
				<node name="center" value="Centrato"/>
				<node name="justify" value="Giustificato"/>
				<node name="inherit" value="&lt;non cambiare&gt;"/>
			</node>
			<node name="autoHyphenations" value="Divisione in sillabe automatica">
				<node name="summaryOn" value="Sillabare le parole automaticamente"/>
				<node name="summaryOff" value="Non sillabare le parole automaticamente"/>
			</node>
			<node name="allowHyphenations" value="Permetti divisione in sillabe">
				<node name="auto" value="sillabare le parole"/>
				<node name="none" value="Non sillabare le parole"/>
				<node name="inherit" value="&lt;non cambiare&gt;"/>
			</node>
			<node name="firstLineIndent" value="Rientro alla prima riga"/>
			<node name="spaceBefore" value="Spazio prima"/>
			<node name="spaceAfter" value="Spazio dopo"/>
			<node name="leftIndent" value="Rientro sinistro"/>
			<node name="rightIndent" value="Rientro destro"/>
			<node name="verticalAlignment" value="Vertical alignment" toBeTranslated="true"/>
			<node name="more" value="Più stili">
				<node name="summary" value="Impostazioni separate per titoli, epigrafi, etc."/>
				<node name="Regular Paragraph" value="Paragrafo Regolare">
					<node name="summary" value=""/>
				</node>
				<node name="xhtml-tag-p" value="EPub Paragraph" toBeTranslated="true">
					<node name="summary" value="&lt;p&gt; XHTML tag content" toBeTranslated="true"/>
				</node>
				<node name="Title" value="Titolo">
					<node name="summary" value=""/>
				</node>
				<node name="Section Title" value=" Titolo Sezione">
					<node name="summary" value=""/>
				</node>
				<node name="Poem Title" value="Titolo Poesia">
					<node name="summary" value=""/>
				</node>
				<node name="Subtitle" value="Sottotitolo">
					<node name="summary" value=""/>
				</node>
				<node name="Annotation" value="Annotazione">
					<node name="summary" value=""/>
				</node>
				<node name="Epigraph" value="Epigrafe">
					<node name="summary" value=""/>
				</node>
				<node name="Stanza" value="Stanza">
					<node name="summary" value=""/>
				</node>
				<node name="Verse" value="Verso">
					<node name="summary" value=""/>
				</node>
				<node name="Preformatted text" value="Testo preformattato">
					<node name="summary" value=""/>
				</node>
				<node name="Image" value="Immagine">
					<node name="summary" value=""/>
				</node>
				<node name="Cite" value="Quota">
					<node name="summary" value=""/>
				</node>
				<node name="Author" value="Autore">
					<node name="summary" value=""/>
				</node>
				<node name="Date" value="Data">
					<node name="summary" value=""/>
				</node>
				<node name="Internal Hyperlink" value="Hyperlink interno">
					<node name="summary" value=""/>
				</node>
				<node name="Footnote" value="Nota a piè di pagina">
					<node name="summary" value=""/>
				</node>
				<node name="Emphasis" value="Rilievo">
					<node name="summary" value=""/>
				</node>
				<node name="Strong" value="Strong">
					<node name="summary" value=""/>
				</node>
				<node name="Subscript" value="Indice inferiore">
					<node name="summary" value=""/>
				</node>
				<node name="Superscript" value="Indice superiore">
					<node name="summary" value=""/>
				</node>
				<node name="Code" value="Codice">
					<node name="summary" value=""/>
				</node>
				<node name="StrikeThrough" value="Barrato">
					<node name="summary" value=""/>
				</node>
				<node name="Italic" value="Corsivo">
					<node name="summary" value=""/>
				</node>
				<node name="Bold" value="Grassetto">
					<node name="summary" value=""/>
				</node>
				<node name="Definition" value="Definizione">
					<node name="summary" value=""/>
				</node>
				<node name="Definition Description" value="Definizione Descrizione">
					<node name="summary" value=""/>
				</node>
				<node name="Header 1" value="Header 1">
					<node name="summary" value=""/>
				</node>
				<node name="Header 2" value="Header 2">
					<node name="summary" value=""/>
				</node>
				<node name="Header 3" value="Header 3">
					<node name="summary" value=""/>
				</node>
				<node name="Header 4" value="Header 4">
					<node name="summary" value=""/>
				</node>
				<node name="Header 5" value="Header 5">
					<node name="summary" value=""/>
				</node>
				<node name="Header 6" value="Header 6">
					<node name="summary" value=""/>
				</node>
				<node name="External Hyperlink" value="Hyperlink esterno">
					<node name="summary" value=""/>
				</node>
			</node>
		</node>
		<node name="toast" value="Pop-ups" toBeTranslated="true">
			<node name="summary" value="Footnote windows, etc." toBeTranslated="true"/>
			<node name="showFootnoteToast" value="Show linked text in a popup" toBeTranslated="true">
				<node name="never" value="Never" toBeTranslated="true"/>
				<node name="footnotesOnly" value="For footnotes only" toBeTranslated="true"/>
				<node name="footnotesAndSuperscripts" value="For footnotes and superscript links" toBeTranslated="true"/>
				<node name="allInternalLinks" value="For all internal links" toBeTranslated="true"/>
			</node>
			<node name="footnoteToastDuration" value="How long to display link popup" toBeTranslated="true"/>
			<node name="fontSizePercent" value="Font size (percent from regular text)" toBeTranslated="true"/>
		</node>
		<node name="css" value="CSS" toBeTranslated="true">
			<node name="summary" value="Apply/ignore values defined in CSS" toBeTranslated="true"/>
			<node name="fontFamily" value="Font family" toBeTranslated="true">
				<node name="summaryOn" value="Use font family defined in CSS" toBeTranslated="true"/>
				<node name="summaryOff" value="Ignore font family defined in CSS" toBeTranslated="true"/>
			</node>
			<node name="fontSize" value="Font size" toBeTranslated="true">
				<node name="summaryOn" value="Apply font size defined in CSS" toBeTranslated="true"/>
				<node name="summaryOff" value="Ignore font size defined in CSS" toBeTranslated="true"/>
			</node>
			<node name="textAlignment" value="Text alignment" toBeTranslated="true">
				<node name="summaryOn" value="Apply text alignment defined in CSS" toBeTranslated="true"/>
				<node name="summaryOff" value="Ignore text alignment defined in CSS" toBeTranslated="true"/>
			</node>
			<node name="margins" value="Margins" toBeTranslated="true">
				<node name="summaryOn" value="Apply margins defined in CSS" toBeTranslated="true"/>
				<node name="summaryOff" value="Ignore margins defined in CSS" toBeTranslated="true"/>
			</node>
		</node>
		<node name="colors" value="Colori &amp; sfondi">
			<node name="summary" value="Impostazioni dei colori"/>
			<node name="background" value="Sfondo">
				<node name="chooser">
					<node name="solidColor" value="Solid colour…" toBeTranslated="true"/>
					<node name="predefined" value="Predefined texture…" toBeTranslated="true"/>
					<node name="selectFile" value="Select file…" toBeTranslated="true"/>
				</node>
				<node name="solidColor" value="Tinta unita"/>
				<node name="leather" value="Pelle"/>
				<node name="sepia" value="Seppia"/>
				<node name="wood" value="Legno"/>
				<node name="sand" value="Sand" toBeTranslated="true"/>
				<node name="hardpaper" value="Hard paper" toBeTranslated="true"/>
			</node>
			<node name="fillMode" value="Fill mode" toBeTranslated="true">
				<node name="tile" value="Tile" toBeTranslated="true"/>
				<node name="tileMirror" value="Mirrored tile" toBeTranslated="true"/>
				<node name="fullscreen" value="Fullscreen" toBeTranslated="true"/>
				<node name="stretch" value="Stretch to fill screen" toBeTranslated="true"/>
				<node name="tileVertically" value="Stretch horizontally, tile vertically" toBeTranslated="true"/>
				<node name="tileHorizontally" value="Stretch vertically, tile horizontally" toBeTranslated="true"/>
			</node>
			<node name="selectionBackground" value="Seleziona Sfondo"/>
			<node name="selectionForeground" value="Testo selezionato"/>
			<node name="text" value="Testo Regolare"/>
			<node name="hyperlink" value="Testo Hyperlink"/>
			<node name="hyperlinkVisited" value="Testo collegamento visitato"/>
			<node name="highlightingForeground" value="Search results" toBeTranslated="true"/>
			<node name="highlightingBackground" value="Risultati Ricerca Sfondo"/>
			<node name="footerOldStyle" value="Footer (old style)" toBeTranslated="true"/>
			<node name="footerBackground" value="Footer background" toBeTranslated="true"/>
			<node name="footerForeground" value="Footer text" toBeTranslated="true"/>
			<node name="footerForegroundUnread" value="Footer line" toBeTranslated="true"/>
		</node>
		<node name="margins" value="Margini">
			<node name="summary" value="Margini testo"/>
			<node name="left" value="Margine sinistro"/>
			<node name="right" value="Margine destro"/>
			<node name="top" value="Margine superiore"/>
			<node name="bottom" value="Margine inferiore"/>
			<node name="spaceBetweenColumns" value="Column spacing" toBeTranslated="true"/>
		</node>
		<node name="scrollBar" value="Barra di scorrimento">
			<node name="summary" value="Impostazioni barra di scorrimento &amp; piè di pagina"/>
			<node name="scrollbarType" value="Tipo barra di scorrimento">
				<node name="hide" value="Nascosta"/>
				<node name="show" value="Scorrimento verticale"/>
				<node name="showAsProgress" value="Avanzamento barra verticale"/>
				<node name="showAsFooter" value="Piè di pagina orizzontale"/>
				<node name="showAsFooterOldStyle" value="Horizontal footer (old style)" toBeTranslated="true"/>
			</node>
			<node name="footerHeight" value="Altezza piè di pagina"/>
			<node name="footerOldStyleColor" value="Footer (old style) colour" toBeTranslated="true"/>
			<node name="footerBackgroundColor" value="Footer background colour" toBeTranslated="true"/>
			<node name="footerForegroundColor" value="Footer text colour" toBeTranslated="true"/>
			<node name="footerForegroundUnreadColor" value="Footer line colour" toBeTranslated="true"/>
			<node name="tocMarks" value="Mostra Segnalibri">
				<node name="summaryOn" value="Mostra segnalibri in basso"/>
				<node name="summaryOff" value="Non mostrare segnalibri in basso"/>
			</node>
			<node name="tocMarksMaxNumber" value="Maximum number of TOC marks to display" toBeTranslated="true"/>
			<node name="showProgress" value="Show reading progress" toBeTranslated="true">
				<node name="dontDisplay" value="Do not show" toBeTranslated="true"/>
				<node name="asPages" value="As page number" toBeTranslated="true"/>
				<node name="asPercentage" value="As percentage" toBeTranslated="true"/>
				<node name="asPagesAndPercentage" value="As page number and percentage" toBeTranslated="true"/>
			</node>
			<node name="showBattery" value="Mostra livello batteria">
				<node name="summaryOn" value="Mostra livello batteria in barra piè di pagina"/>
				<node name="summaryOff" value="Non mostrare livello batteria in barra piè di pagina"/>
			</node>
			<node name="showClock" value="Mostra orologio">
				<node name="summaryOn" value="Mostra orologio in barra piè di pagina"/>
				<node name="summaryOff" value="Non mostrare orologio in barra piè di pagina"/>
			</node>
			<node name="font" value="Famiglia di caratteri"/>
		</node>
		<node name="scrolling" value="Scorrimento">
			<node name="summary" value="Come scorrere il testo"/>
			<node name="fingerScrolling" value="Scorrimento toccando lo schermo">
				<node name="byTap" value="Scorri le pagine premendo con il dito"/>
				<node name="byFlick" value="Scorri le pagine sfiorando con il dito"/>
				<node name="byTapAndFlick" value="Scorri le pagine premendo o  sfiorando con il dito"/>
			</node>
			<node name="enableDoubleTapDetection" value="Abilita doppio tocco">
				<node name="summaryOn" value="Doppio tocco abilita menu di navigazione"/>
				<node name="summaryOff" value="Ignora doppio tocco"/>
			</node>
			<node name="volumeKeys" value="Tasti del volume per lo scorrimento">
				<node name="summaryOn" value="Usa i tasti del volume per scorrere"/>
				<node name="summaryOff" value="Lascia i tasti del volume per la regolazione del suono"/>
			</node>
			<node name="invertVolumeKeys" value="Invertire i tasti del volume a scorrimento">
				<node name="summaryOn" value="Il pulsante su torna alla pagina precedente"/>
				<node name="summaryOff" value="Il pulsante giù passa alla pagina successiva"/>
			</node>
			<node name="animation" value="Animazione">
				<node name="none" value="Scorri senza animazione"/>
				<node name="curl" value="Sfoglia angoli"/>
				<node name="slide" value="Scorrimento verticale"/>
				<node name="slideOldStyle" value="Slide animation (old style)" toBeTranslated="true"/>
				<node name="shift" value="Scorrimento continuo"/>
			</node>
			<node name="animationSpeed" value="Velocità animazione">
				<node name="fast" value="veloce"/>
				<node name="slow" value="lento"/>
			</node>
			<node name="horizontal" value="Scorrimento orizzontale">
				<node name="summaryOn" value="Scorri le pagine orizzontalmente"/>
				<node name="summaryOff" value="Scorri le pagine in verticale"/>
			</node>
		</node>
		<node name="tapZones" value="Tap zones" toBeTranslated="true">
			<node name="summary" value="Finger tap actions" toBeTranslated="true"/>
			<node name="tapZonesScheme" value="Tap zones scheme" toBeTranslated="true">
				<node name="left_to_right" value="Left to right page scrolling" toBeTranslated="true"/>
				<node name="right_to_left" value="Right to left page scrolling" toBeTranslated="true"/>
				<node name="up" value="Down to up page scrolling" toBeTranslated="true"/>
				<node name="down" value="Up to down page scrolling" toBeTranslated="true"/>
				<node name="custom" value="Custom…" toBeTranslated="true"/>
			</node>
		</node>
		<node name="dictionary" value="Dictionary &amp; translator" toBeTranslated="true">
			<node name="summary" value="Translation settings" toBeTranslated="true"/>
			<node name="dictionary" value="Look up single word in" toBeTranslated="true"/>
			<node name="translator" value="Translate phrases via" toBeTranslated="true"/>
			<node name="translateOffline" value="Google Translate: use offline translator (if installed)" toBeTranslated="true">
				<node name="always" value="Always" toBeTranslated="true"/>
				<node name="onError" value="Automatically, if online translation fails" toBeTranslated="true"/>
				<node name="ask" value="Ask if online translation fails" toBeTranslated="true"/>
				<node name="never" value="Never" toBeTranslated="true"/>
			</node>
			<node name="translationToastDuration" value="How long to show translation popup" toBeTranslated="true"/>
			<node name="errorToastDuration" value="How long to show error message" toBeTranslated="true"/>
			<node name="sourceLanguage" value="Translate from" toBeTranslated="true">
				<node name="detect" value="Automatically detect language" toBeTranslated="true"/>
			</node>
			<node name="targetLanguage" value="Translate to" toBeTranslated="true">
				<node name="any" value="All languages" toBeTranslated="true"/>
			</node>
			<node name="longTapAction" value="Evento Tocco lungo">
				<node name="doNothing" value="Tocco lungo non fa nulla"/>
				<node name="selectSingleWord" value="Tocco lungo seleziona singola parole"/>
				<node name="startSelecting" value="Tocco lungo inizia selezione"/>
				<node name="openDictionary" value="Tocco lungo seleziona la parola, il rilascio apre dizionario"/>
			</node>
			<node name="navigateOverAllWords" value="Naviga su tutte le parole">
				<node name="summaryOn" value="Tasto di navigazione visita tutte le parole"/>
				<node name="summaryOff" value="Tasto di navigazione visita solo collegamenti ipertestuali"/>
			</node>
		</node>
		<node name="images" value="Immagini">
			<node name="summary" value="Opzioni di visualizzazione immagine"/>
			<node name="backgroundColor" value="Colore di sfondo per visualizzare l'immagine"/>
			<node name="longTapAction" value="Evento Tocco lungo">
				<node name="doNothing" value="Tocco lungo non fa nulla"/>
				<node name="selectImage" value="Tocco lungo seleziona l'immagine"/>
				<node name="openImageView" value="Tocco lungo apre visualizzazione immagine"/>
			</node>
			<node name="fitImagesToScreen" value="Fit images to screen" toBeTranslated="true">
				<node name="none" value="None" toBeTranslated="true"/>
				<node name="covers" value="Covers only" toBeTranslated="true"/>
				<node name="all" value="All" toBeTranslated="true"/>
			</node>
			<node name="matchBackground" value="Match background intensity" toBeTranslated="true">
				<node name="summaryOn" value="Adjust image colour to background" toBeTranslated="true"/>
				<node name="summaryOff" value="Do not adjust image colour" toBeTranslated="true"/>
			</node>
		</node>
		<node name="menu" value="Menu" toBeTranslated="true">
			<node name="summary" value="Configure main screen menu" toBeTranslated="true"/>
			<node name="backgroundCover" value="Use book cover as background" toBeTranslated="true">
				<node name="summaryOn" value="Show cover in the book menu" toBeTranslated="true"/>
				<node name="summaryOff" value="Keep background clear" toBeTranslated="true"/>
			</node>
			<node name="bookMenuStatusItem" value="Status item" toBeTranslated="true">
				<node name="summaryOn" value="Show status item in the book menu" toBeTranslated="true"/>
				<node name="summaryOff" value="Hide status item" toBeTranslated="true"/>
			</node>
			<node name="items" value="Menu items" toBeTranslated="true">
				<node name="summary" value="Change items order" toBeTranslated="true"/>
				<node name="bookMenuUpperSection" value="Book menu (upper section)" toBeTranslated="true"/>
				<node name="bookMenuLowerSection" value="Book menu (lower section)" toBeTranslated="true"/>
				<node name="toolbarOrMainMenu" value="Toolbar or main menu" toBeTranslated="true"/>
				<node name="mainMenu" value="Main menu" toBeTranslated="true"/>
				<node name="enabled" value="Enabled" toBeTranslated="true"/>
				<node name="disabled" value="Disabled" toBeTranslated="true"/>
			</node>
		</node>
		<node name="cancelMenu" value="Menu Annulla">
			<node name="summary" value="Lista azioni pulsante Annulla"/>
			<node name="library" value="Library" toBeTranslated="true">
				<node name="summaryOn" value="Show 'open library' item" toBeTranslated="true"/>
				<node name="summaryOff" value="Don't show 'open library' item" toBeTranslated="true"/>
			</node>
			<node name="networkLibrary" value="Network library" toBeTranslated="true">
				<node name="summaryOn" value="Show 'open network library' item" toBeTranslated="true"/>
				<node name="summaryOff" value="Don't show 'open network library' item" toBeTranslated="true"/>
			</node>
			<node name="previousBook" value="Libro precedente">
				<node name="summaryOn" value="Mostra voce 'Torna al libro precedente'"/>
				<node name="summaryOff" value="Non mostrare voce 'Torna al libro precedente'"/>
			</node>
			<node name="positions" value="Ultime 3 posizioni">
				<node name="summaryOn" value="Mostra gli elementi per ultime 3 posizioni nel libro"/>
				<node name="summaryOff" value="Non mostrare elementi per ultime 3 posizioni nel libro"/>
			</node>
			<node name="backKeyAction" value="Azioni tasto indietro">
				<node name="exit" value="Chiudi FBReader"/>
				<node name="goBack" value="Torna indietro"/>
				<node name="cancelMenu" value="Mostra menù indietro"/>
			</node>
			<node name="backKeyLongPressAction" value="Evento tocco lungo pulsante indietro">
				<node name="exit" value="Chiudi FBReader"/>
				<node name="goBack" value="Torna indietro"/>
				<node name="cancelMenu" value="Mostra menù annulla"/>
				<node name="none" value="Nessuna azione"/>
			</node>
		</node>
		<node name="tips" value="Tips" toBeTranslated="true">
			<node name="summary" value="Daily tips settings" toBeTranslated="true"/>
			<node name="showTips" value="Show tips" toBeTranslated="true">
				<node name="summaryOn" value="Show daily tips" toBeTranslated="true"/>
				<node name="summaryOff" value="Do not show daily tips" toBeTranslated="true"/>
			</node>
		</node>
		<node name="about" value="About FBReader" toBeTranslated="true">
			<node name="summary" value="Version info, contacts, etc." toBeTranslated="true"/>
			<node name="version" value="Version" toBeTranslated="true"/>
			<node name="site" value="Visit our website" toBeTranslated="true">
				<node name="url" value="https://fbreader.org/"/>
			</node>
			<node name="email" value="Send us an email" toBeTranslated="true">
				<node name="url" value="mailto:contact@fbreader.org" toBeTranslated="true"/>
			</node>
			<node name="googleplus" value="Join FBReader Google+ community" toBeTranslated="true">
				<node name="url" value="https://plus.google.com/communities/115894899404862312312"/>
			</node>
			<node name="twitter" value="Follow us on Twitter" toBeTranslated="true">
				<node name="url" value="https://twitter.com/fbreader"/>
			</node>
			<node name="facebook" value="FBReader on Facebook" toBeTranslated="true">
				<node name="url" value="https://facebook.com/fbreader"/>
			</node>
			<node name="thirdParty" value="Third-party libraries" toBeTranslated="true"/>
		</node>
		<node name="eink" value="E-ink screen" toBeTranslated="true">
			<node name="summary" value="Specific options for e-ink screens" toBeTranslated="true"/>
			<node name="enableFastRefresh" value="Fast refresh mode" toBeTranslated="true">
				<node name="summaryOn" value="Use fast (but not very clean) screen update" toBeTranslated="true"/>
				<node name="summaryOff" value="Use complete (clean, but slow) screen update" toBeTranslated="true"/>
			</node>
			<node name="interval" value="Number of fast updates between complete refreshes" toBeTranslated="true"/>
		</node>
	</node>
	<node name="dialog">
		<node name="button">
			<node name="noThanks" value="No, thanks" toBeTranslated="true"/>
			<node name="install" value="Installa"/>
			<node name="update" value="Aggiorna"/>
			<node name="skip" value="Salta"/>
			<node name="buy" value="Compra"/>
			<node name="buyAndDownload" value="Compra e scarica"/>
			<node name="download" value="Scarica"/>
			<node name="continue" value="Continua"/>
			<node name="editUrl" value="Modifica URL"/>
			<node name="tryAgain" value="Riprova"/>
			<node name="openBook" value="Leggi"/>
			<node name="edit" value="Modifica"/>
			<node name="reloadInfo" value="Ricarica"/>
			<node name="shareBook" value="Share" toBeTranslated="true"/>
			<node name="topup" value="Ricarica account"/>
			<node name="pay" value="Pay" toBeTranslated="true"/>
			<node name="refresh" value="Refresh" toBeTranslated="true"/>
			<node name="authorise" value="Authorise" toBeTranslated="true"/>
			<node name="resetPosition" value="Reset position" toBeTranslated="true"/>
			<node name="sendReport" value="Send report" toBeTranslated="true"/>
			<node name="addToFavorites" value="Aggiungi a preferiti"/>
			<node name="removeFromFavorites" value="Rimuovi da preferiti"/>
			<node name="markAsRead" value="Mark as read" toBeTranslated="true"/>
			<node name="markAsUnread" value="Mark as unread" toBeTranslated="true"/>
		</node>
		<node name="gotoPage" value="Vai a Pagine"/>
		<node name="plugin">
			<node name="installTitle" value="Installa plugin"/>
			<node name="updateTitle" value="Aggiorna plugin"/>
			<node name="dontAskAgain" value="Non chiedere di nuovo"/>
		</node>
		<node name="backgroundAuthentication">
			<node name="message" value="Authentication required" toBeTranslated="true"/>
		</node>
		<node name="missingDictionary" value="Missing %s" toBeTranslated="true">
			<node name="install" value="Install %s" toBeTranslated="true"/>
			<node name="configure" value="Configure translation" toBeTranslated="true"/>
			<node name="skip" value="Skip" toBeTranslated="true"/>
		</node>
		<node name="installDictionary">
			<node name="title" value="Installa dizionario"/>
			<node name="message" value="Vuoi installare %s?"/>
		</node>
		<node name="deleteBookBox">
			<node name="message" value="Il file del libro verrà rimosso definitivamente. Sei sicuro?"/>
		</node>
		<node name="deleteMultipleBookBox">
			<node name="title" value="Delete books" toBeTranslated="true"/>
			<node name="message" value="%s files will be removed permanently. Are you sure?" toBeTranslated="true"/>
		</node>
		<node name="redownloadFileBox">
			<node name="message" value="File già esistente. Riscaricare?"/>
		</node>
		<node name="litresUserRegistration">
			<node name="title" value="Utente Registrato"/>
			<node name="login" value="Username"/>
			<node name="password" value="Password"/>
			<node name="confirmPassword" value="Conferma&#10;password"/>
			<node name="email" value="E-mail"/>
		</node>
		<node name="litresAutoSignIn">
			<node name="title" value="Signing in" toBeTranslated="true"/>
			<node name="email" value="Email" toBeTranslated="true"/>
			<node name="actions">
				<node name="title" value="Unable to sign in with email&#10;%s" toBeTranslated="true"/>
				<node name="recover" value="Recover account information" toBeTranslated="true"/>
				<node name="signIn" value="Sign in manually" toBeTranslated="true"/>
				<node name="anotherEmail" value="Select another email" toBeTranslated="true"/>
			</node>
			<node name="signedIn" value="You are signed in with email address %s." toBeTranslated="true"/>
			<node name="registrationSuccessful" value="We created a LitRes account for you. Detailed information has been sent to %s." toBeTranslated="true"/>
			<node name="passwordSent" value="Your account information was sent to %s. Please check your mailbox." toBeTranslated="true"/>
		</node>
		<node name="waitMessage">
			<node name="translating" value="Translation in progress…" toBeTranslated="true"/>
			<node name="tryConnect" value="Trying to connect. Please wait…" toBeTranslated="true"/>
			<node name="downloadingBook" value="Scaricamento libro %s"/>
			<node name="search" value="Ricerca. Attendere prego…"/>
			<node name="loadInfo" value="Caricamento informazioni. Si prega di attendere …"/>
			<node name="loadingBook" value="Apertura libro. Attendere prego…"/>
			<node name="loadingBookList" value="Apertura libreria. Attendere prego…"/>
			<node name="creatingBooksDatabase" value="Creazione database libri. Attendere prego…"/>
			<node name="updatingBooksDatabase" value="Aggiornamento database libri. Attendere prego…"/>
			<node name="loadingNetworkLibrary" value="Caricamento libreria. Attendere prego…"/>
			<node name="authentication" value="Autenticazione. Attendere prego…"/>
			<node name="signOut" value="Disconnessione. Attendere prego…"/>
			<node name="purchaseBook" value="Acquisto libro. Attendere prego…"/>
			<node name="loadingCatalogInfo" value="Caricamento informazioni del catalogo. Attendere prego…"/>
			<node name="loadingNetworkBookInfo" value="Loading book information. Please wait…" toBeTranslated="true"/>
			<node name="updatingCatalogsList" value="Aggiornamento dell'elenco cataloghi. Attendere prego…"/>
			<node name="updatingAccountInformation" value="Updating account information. Please wait…" toBeTranslated="true"/>
			<node name="initDRMEngine" value="Initialising DRM engine. Please wait…" toBeTranslated="true"/>
			<node name="acquireLicence" value="Acquiring licence. Please wait…" toBeTranslated="true"/>
			<node name="registerUser" value="Registrazione nuovo account. Attendere prego…"/>
			<node name="autoSignIn" value="Signing in. Please wait…" toBeTranslated="true"/>
			<node name="recoverPassword" value="Recovering password. Please wait…" toBeTranslated="true"/>
		</node>
		<node name="networkError">
			<node name="internalError" value="Errore Server Interno"/>
			<node name="purchaseNotEnoughMoney" value="Credito non sufficiente"/>
			<node name="purchaseMissingBook" value="Libro mancante"/>
			<node name="purchaseAlreadyPurchased" value="Già acquistato"/>
			<node name="bookNotPurchased" value="Il libro non è stato acquistato"/>
			<node name="downloadLimitExceeded" value="Limite di scaricamento superato"/>
			<node name="noUserForEmail" value="Nessun utente è registrato&#10;con questo indirizzo e-mail"/>
			<node name="unsupportedOperation" value="Operazione non supportata"/>
			<node name="notAnOPDS" value="Questo non è un catalogo OPDS"/>
			<node name="noRequiredInformation" value="Le informazioni richieste non sono specificate nel catalogo"/>
			<node name="cacheDirectoryError" value="Impossibile creare la cartella della cache"/>
			<node name="usernameAlreadyInUse" value="Il nome utente è già in uso"/>
			<node name="usernameNotSpecified" value="Perfavore, inserisci il tuo nome utente"/>
			<node name="passwordNotSpecified" value="Perfavore, inserisci una password non vuota"/>
			<node name="passwordsDoNotMatch" value="La Password e la Conferma Password devono essere le stesse."/>
			<node name="emailNotSpecified" value="Perfavore, inserisci un indirizzo e-mail"/>
			<node name="emailAlreadyInUse" value="Email address is already in use" toBeTranslated="true"/>
			<node name="invalidEMail" value="Indirizzo e-mail non valido"/>
			<node name="tooManyRegistrations" value="Troppe registrazioni dal tuo IP;&#10;riprova fra qualche minuto"/>
		</node>
		<node name="AuthenticationDialog">
			<node name="title" value="Autenticazione"/>
			<node name="unencryptedWarning" value="La tua password verrà inviata in chiaro"/>
			<node name="login" value="Username"/>
			<node name="password" value="Password"/>
			<node name="loginIsEmpty" value="Il campo Username non può essere vuoto"/>
			<node name="register" value="Registrati"/>
		</node>
		<node name="CustomCatalogDialog">
			<node name="title" value="FBReader: aggiungi catalogo personalizzato"/>
			<node name="catalogTitle" value="Titolo"/>
			<node name="catalogUrl" value="URL"/>
			<node name="catalogSummary" value="Sommario"/>
			<node name="catalogTitleExample" value="Esempio: Catalogo Progetto Gutenberg"/>
			<node name="catalogUrlExample" value="Esempio: http://m.gutenberg.org/"/>
			<node name="catalogSummaryExample" value="Esempio: Libri di pubblico dominio"/>
			<node name="titleIsEmpty" value="Il campo Titolo non può essere lasciato vuoto"/>
			<node name="urlIsEmpty" value="Il campo URL non può essere lasciato vuoto"/>
			<node name="invalidUrl" value="URL non valida"/>
			<node name="titleAlreadyExists" value="Il iitolo specificato è già in uso"/>
			<node name="siteAlreadyExists" value="Il sito specificato è già in uso"/>
		</node>
		<node name="languageFilterDialog">
			<node name="title" value="Filtro lingua"/>
		</node>
		<node name="tips">
			<node name="title" value="Tip of the day" toBeTranslated="true"/>
			<node name="initializationText" value="Would you like to read FBReader's daily tips? New tips would be downloaded from the FBReader site, with expected network traffic 1-2 kilobytes per week.&#10;&#10;Enable tips?" toBeTranslated="true"/>
			<node name="dontShowAgain" value="Don't show again" toBeTranslated="true"/>
			<node name="more" value="Next tip" toBeTranslated="true"/>
		</node>
		<node name="screenHint">
			<node name="message1" value="FBReader works in fullscreen mode by default. Tap the centre third of the screen now to show controls. You can change this in the “Appearance” section of the Settings dialog." toBeTranslated="true"/>
			<node name="message2" value="Well done! Now tap the centre third of the screen again to hide the controls and this hint. If you want to keep controls on the screen while reading, select the “Show action bar” option in “Appearance” in Settings." toBeTranslated="true"/>
		</node>
		<node name="folderList">
			<node name="addFolder" value="Add folder" toBeTranslated="true"/>
			<node name="removeDialog" value="Remove folder" toBeTranslated="true">
				<node name="message" value="Remove “%s” from the list?" toBeTranslated="true"/>
			</node>
			<node name="duplicate" value="“%s” is already in the list" toBeTranslated="true"/>
		</node>
		<node name="editList">
			<node name="edit" value="Edit" toBeTranslated="true"/>
			<node name="remove" value="Remove" toBeTranslated="true"/>
		</node>
		<node name="editTags" value="Tags" toBeTranslated="true">
			<node name="addTag" value="Add tag" toBeTranslated="true"/>
			<node name="editTag" value="Edit tag" toBeTranslated="true"/>
			<node name="removeTag" value="Remove tag" toBeTranslated="true">
				<node name="message" value="Remove tag “%s” from the list?" toBeTranslated="true"/>
			</node>
		</node>
		<node name="editAuthors" value="Authors" toBeTranslated="true">
			<node name="addAuthor" value="Add author" toBeTranslated="true"/>
			<node name="editAuthor" value="Edit author" toBeTranslated="true"/>
			<node name="removeAuthor" value="Remove author" toBeTranslated="true">
				<node name="message" value="Remove author “%s” from the list?" toBeTranslated="true"/>
			</node>
		</node>
		<node name="fileChooser">
			<node name="root" value="Root" toBeTranslated="true"/>
			<node name="newFolder" value="New folder" toBeTranslated="true"/>
			<node name="folderNameHint" value="Folder name" toBeTranslated="true"/>
			<node name="menu">
				<node name="origin" value="Origin" toBeTranslated="true"/>
				<node name="reload" value="Reload" toBeTranslated="true"/>
			</node>
			<node name="sortBy" value="Sort by" toBeTranslated="true">
				<node name="name" value="Name" toBeTranslated="true"/>
				<node name="size" value="Size" toBeTranslated="true"/>
				<node name="date" value="Date" toBeTranslated="true"/>
			</node>
			<node name="permissionDenied" value="Permission denied" toBeTranslated="true"/>
		</node>
		<node name="missingPlugin" value="Missing plugin" toBeTranslated="true">
			<node name="message" value="Plugin for %s files is not installed. Install now?" toBeTranslated="true"/>
		</node>
		<node name="licensing" value="Not licensed" toBeTranslated="true">
			<node name="message" value="%s is not licensed. Purchase on Google Play now?" toBeTranslated="true"/>
		</node>
		<node name="retryLicensing" value="Licence verification" toBeTranslated="true">
			<node name="message" value="Cannot verify %s licence. Try again?" toBeTranslated="true"/>
		</node>
	</node>
	<node name="errorMessage">
		<node name="nativeCodeFailure" value="Error %s in native code while reading '%s'" toBeTranslated="true"/>
		<node name="errorReadingFile" value="Error occured while reading '%s'" toBeTranslated="true"/>
		<node name="errorReadingZip" value="Error occured while extracting '%s'" toBeTranslated="true"/>
		<node name="pluginNotFound" value="No plugin for '%s'" toBeTranslated="true"/>
		<node name="unknownPluginType" value="Unknown plugin type: %s" toBeTranslated="true"/>
		<node name="fileNotFound" value="File not found: %s" toBeTranslated="true"/>
		<node name="unsupportedEncryptionMethod" value="File %s encryption method is not supported by FBReader. Some pages are not readable" toBeTranslated="true"/>
		<node name="opfFileNotFound" value="OPF is not found in %s" toBeTranslated="true"/>
		<node name="unsupportedFileFormat" value="File format is not supported for '%s'" toBeTranslated="true"/>
		<node name="errorParsingRtf" value="Rtf parsing error in: %s" toBeTranslated="true"/>
		<node name="cannotRunAndroidMarket" value="Non possono accedere ad Android Market. Per favore, installare manualmente %s"/>
		<node name="textNotFound" value="Spiacente, non c'è un testo adatto all'interno del libro"/>
		<node name="bookNotFound" value="Spiacente, non ci sono libri adatti nella libreria"/>
		<node name="bookmarkNotFound" value="Spiacente, non ci sono segnalibri adatti"/>
		<node name="cannotOpenBook" value="Spiacente, non è possibile aprire il libro in questo momento"/>
		<node name="dictionaryIsNotInstalled" value="Spiacente, il dizionario non è installato"/>
		<node name="permissionDenied" value="Spiacente, permesso negato"/>
		<node name="noFavorites" value="Spiacente, l'elenco dei favoriti e' vuoto"/>
		<node name="noSeries" value="There are no books in series" toBeTranslated="true"/>
		<node name="emptyCatalog" value="Il catalogo è vuoto"/>
		<node name="emptyBasket" value="Spiacente, il carrello è vuoto"/>
		<node name="emptyNetworkSearchResults" value="Non sono stati trovati libri adatti"/>
		<node name="videoServiceNotWorking" value="Video service is not available" toBeTranslated="true"/>
		<node name="videoPlayerNotFound" value="No video player installed on this device" toBeTranslated="true"/>
		<node name="bookIsMissingTitle" value="Missing book" toBeTranslated="true"/>
		<node name="bookIsMissing" value="Book '%s' is not found on the device" toBeTranslated="true"/>
		<node name="downloadFailed" value="Scaricamento fallito"/>
	</node>
	<node name="external">
		<node name="browser" value="Browser"/>
		<node name="defaultBrowser" value="Browser predefinito"/>
	</node>
	<node name="crash">
		<node name="fixBooksDirectory">
			<node name="title" value="FBReader issue" toBeTranslated="true"/>
			<node name="text" value="Cannot write to FBReader cache. Please check that your memory card is inserted correctly, or select another directory." toBeTranslated="true"/>
		</node>
		<node name="missingNativeLibrary">
			<node name="title" value="FBReader issue" toBeTranslated="true"/>
			<node name="text" value="FBReader cannot load native library. If the issue persists, please reinstall FBReader." toBeTranslated="true"/>
		</node>
	</node>
	<node name="error">
		<node name="bookReading">
			<node name="title" value="FBReader issue" toBeTranslated="true"/>
		</node>
	</node>
	<node name="links">
		<node name="faqPage" value="https://fbreader.org/faq-page"/>
	</node>
	<node name="plugins" value="Install plugins" toBeTranslated="true">
		<node name="noMorePlugins" value="We have no new plugins at the moment, sorry" toBeTranslated="true"/>
		<node name="litres" value="LitRes" toBeTranslated="true">
			<node name="summary" value="Russian book store" toBeTranslated="true"/>
		</node>
		<node name="tts_plus" value="TTS+" toBeTranslated="true">
			<node name="summary" value="Read aloud" toBeTranslated="true"/>
		</node>
		<node name="calibre_server_integration" value="Calibre connection" toBeTranslated="true">
			<node name="summary" value="Connect to Calibre server in your local network" toBeTranslated="true"/>
		</node>
		<node name="local_opds_scanner" value="Local OPDS Scanner" toBeTranslated="true">
			<node name="summary" value="Look for books in the local network" toBeTranslated="true"/>
		</node>
		<node name="bookshelf" value="Bookshelf" toBeTranslated="true">
			<node name="summary" value="Thumbnail library view" toBeTranslated="true"/>
		</node>
		<node name="opds_server" value="OPDS Server" toBeTranslated="true">
			<node name="summary" value="Allow your device to act as server" toBeTranslated="true"/>
		</node>
		<node name="widgets" value="Widgets" toBeTranslated="true">
			<node name="summary" value="Add books to your home screen" toBeTranslated="true"/>
		</node>
		<node name="pdf" value="PDF" toBeTranslated="true">
			<node name="summary" value="Read books in PDF format" toBeTranslated="true"/>
		</node>
		<node name="djvu" value="DjVu" toBeTranslated="true">
			<node name="summary" value="Read books in DjVu format" toBeTranslated="true"/>
		</node>
		<node name="cbr" value="Comic Books" toBeTranslated="true">
			<node name="summary" value="Read comic books (CBR, CBZ)" toBeTranslated="true"/>
		</node>
	</node>
	<node name="drm">
		<node name="encryptedSection" value="Encrypted section" toBeTranslated="true"/>
	</node>
	<node name="yota">
		<node name="frontScreenMessage" value="Turn the device over to read your book. To return text to this screen, press the button below." toBeTranslated="true"/>
		<node name="frontScreenButton" value="Switch to this screen" toBeTranslated="true"/>
	</node>
	<node name="hint">
		<node name="positiveLength" value="E.g.: 20px, 10pt, 0.8em, 1ex, 120%" toBeTranslated="true"/>
		<node name="length" value="E.g.: -2px, 10pt, -0.8em, 1.1ex, -40%" toBeTranslated="true"/>
		<node name="percent" value="E.g.: 125%" toBeTranslated="true"/>
	</node>
	<node name="duration">
		<node name="duration1" value="1 second" toBeTranslated="true"/>
		<node name="duration3" value="3 seconds" toBeTranslated="true"/>
		<node name="duration5" value="5 seconds" toBeTranslated="true"/>
		<node name="duration10" value="10 seconds" toBeTranslated="true"/>
		<node name="duration20" value="20 seconds" toBeTranslated="true"/>
		<node name="duration40" value="40 seconds" toBeTranslated="true"/>
		<node name="duration60" value="1 minute" toBeTranslated="true"/>
		<node name="duration300" value="5 minutes" toBeTranslated="true"/>
	</node>
	<node name="textSearchPopup">
		<node name="findPrevious" value="Previous occurence" toBeTranslated="true"/>
		<node name="findNext" value="Next occurence" toBeTranslated="true"/>
		<node name="close" value="Close" toBeTranslated="true"/>
	</node>
	<node name="selectionPopup">
		<node name="copyToClipboard" value="Copia negli Appunti"/>
		<node name="share" value="Share text" toBeTranslated="true"/>
		<node name="openInDictionary" value="Apri nel Dizionario"/>
		<node name="translate" value="Translate" toBeTranslated="true"/>
		<!-- this is a verb: make a bookmark -->
		<node name="bookmark" value="Bookmark" toBeTranslated="true"/>
		<node name="close" value="Close" toBeTranslated="true"/>
	</node>
	<node name="dictanErrors">
		<node name="unknown" value="Unknown error" toBeTranslated="true"/>
		<node name="noArticle" value="No article found for “%s”" toBeTranslated="true"/>
		<node name="cannotOpenDictionary" value="Cannot open dictionary" toBeTranslated="true"/>
		<node name="noDictionarySelected" value="Dictionary not selected; please adjust Dictan settings" toBeTranslated="true"/>
	</node>
	<node name="premium" value="FBReader Premium Edition" toBeTranslated="true">
		<node name="shortTitle" value="FBReader Premium" toBeTranslated="true"/>
		<node name="conflict" value="Both FBReader and FBReader Premium appear to be installed. Which one would you like to run?" toBeTranslated="true"/>
	</node>
	<node name="widget">
		<node name="simple">
			<node name="selectIcon" value="Select widget icon" toBeTranslated="true"/>
			<node name="selectAction" value="Select action" toBeTranslated="true"/>
			<node name="book" value="Read book" toBeTranslated="true"/>
			<node name="library" value="Open library" toBeTranslated="true"/>
		</node>
	</node>
</resources>
