<?xml version="1.0" encoding="UTF-8"?>
<!-- Ukrainian FBReaderJ resources, by Dmytro Shevchenko, Nazariy Makarenko -->
<resources>
	<node name="library" value="FBReader бібліотека">
		<node name="unknownAuthor" value="Автор не вказаний"/>
		<node name="booksWithNoTags" value="Книги поза категоріями"/>
		<node name="demo" value="уривок"/>
		<node name="byAuthor" value="За автором">
			<node name="summary" value="Книги впорядковані за автором"/>
		</node>
		<node name="byTitle" value="За назвою">
			<node name="summary" value="Книги впорядковані за назвою"/>
		</node>
		<node name="bySeries" value="За серією">
			<node name="summary" value="Книги відсортовані за серією"/>
		</node>
		<node name="byTag" value="За категорією">
			<node name="summary" value="Книги відсортовані за тегом"/>
		</node>
		<node name="recent" value="Нещодавні">
			<node name="summary" value="Нещодавно переглянуті книги"/>
		</node>
		<node name="favorites" value="Улюблені">
			<node name="summary" value="Мої вибрані книги"/>
		</node>
		<node name="chooseView" value="Choose view" toBeTranslated="true"/>
		<node name="wideCardsView" value="Wide cards" toBeTranslated="true"/>
		<node name="smallCardsView" value="Small cards" toBeTranslated="true"/>
		<node name="tinyCardsView" value="Tiny cards" toBeTranslated="true"/>
		<node name="coversView" value="Covers" toBeTranslated="true"/>
		<node name="oldView" value="Classic" toBeTranslated="true"/>
		<node name="bookshelfView" value="Bookshelf view" toBeTranslated="true">
			<node name="summary" value="Switch to thumbnail view" toBeTranslated="true"/>
		</node>
		<node name="found" value="Знайдено">
			<node name="summary" value="Результати пошуку для: %s"/>
		</node>
		<node name="sync" value="Synchronisation" toBeTranslated="true">
			<node name="summary" value="Books by synchronisation status" toBeTranslated="true"/>
			<node name="sync-success" value="Synchronised" toBeTranslated="true">
				<node name="summary" value="Books successfully uploaded to the server" toBeTranslated="true"/>
			</node>
			<node name="sync-failure" value="Synchronisation failed" toBeTranslated="true">
				<node name="summary" value="Books not uploaded to the server due to errors" toBeTranslated="true"/>
			</node>
			<node name="sync-deleted" value="Deleted from server" toBeTranslated="true">
				<node name="summary" value="Books no longer accessible from the server" toBeTranslated="true"/>
			</node>
			<node name="sync-tosync" value="Not synchronised yet" toBeTranslated="true">
				<node name="summary" value="Books yet to be uploaded to the server" toBeTranslated="true"/>
			</node>
		</node>
		<node name="fileTree" value="Дерево файлів">
			<node name="summary" value="Переглянути файлову систему"/>
		</node>
		<node name="fileTreeRoot" value="Пристрій">
			<node name="summary" value="Файлова система пристрою"/>
		</node>
		<node name="fileTreeCard" value="Карта пам'яті">
			<node name="withIndex" value="Memory card No %s" toBeTranslated="true"/>
			<node name="summary" value="Підключена карта пам'яті"/>
		</node>
		<node name="fileTreeLibrary" value="Бібліотека FBReader">
			<node name="summary" value="Бібліотека книг FBReader"/>
		</node>
		<node name="localSearch" value="Пошук"/>
		<node name="rescan" value="Rescan" toBeTranslated="true"/>
		<node name="openBook" value="Читати книжку"/>
		<node name="showBookInfo" value="Деталі про книгу"/>
		<node name="shareBook" value="Поділитись книгою"/>
		<node name="deleteBook" value="Видалити книжку"/>
		<node name="addToFavorites" value="Додати в улюблені"/>
		<node name="removeFromFavorites" value="Прибрати з улюблених"/>
		<node name="removeFromRecents" value="Remove from recent list" toBeTranslated="true"/>
		<node name="markAsRead" value="Mark as read" toBeTranslated="true"/>
		<node name="markAsUnread" value="Mark as unread" toBeTranslated="true"/>
		<node name="deleteAll" value="Delete all" toBeTranslated="true"/>
		<node name="uploadAgain" value="Upload again" toBeTranslated="true"/>
		<node name="tryAgain" value="Try again" toBeTranslated="true"/>
	</node>
	<node name="networkLibrary" value="Мережева бібліотека FBReader">
		<node name="sync" value="FBReader® book network" toBeTranslated="true">
			<node name="summary" value="My personal catalogue" toBeTranslated="true"/>
		</node>
		<node name="byAuthor" value="За автором">
			<node name="summary" value="Книги відсортовані за автором"/>
		</node>
		<node name="byTitle" value="За назвою">
			<node name="summary" value="Книги відсортовані за назвою"/>
		</node>
		<node name="byDate" value="За датою">
			<node name="summary" value="Книги відсортовані за датою придбання"/>
		</node>
		<node name="bySeries" value="За серією">
			<node name="summary" value="Книги відсортовані за серією"/>
		</node>
		<node name="search" value="Пошук">
			<node name="summary" value="Пошук %s"/>
			<node name="summaryAllCatalogs" value="Пошук книжок у каталогах"/>
			<node name="summaryInProgress" value="Ведеться пошук"/>
		</node>
		<node name="found" value="Знайдено">
			<node name="summary" value="Результати пошуку для: %s"/>
		</node>
		<node name="recent" value="Recent catalogues" toBeTranslated="true">
			<node name="summary" value="Catalogues you browsed recently" toBeTranslated="true"/>
		</node>
		<node name="openCatalog" value="Відкрити теку"/>
		<node name="networkSearch" value="Пошук"/>
		<node name="showResults" value="Показати результати"/>
		<node name="showBooks" value="Показати книжки"/>
		<node name="download" value="Завантажити"/>
		<node name="read" value="Читати локальну копію"/>
		<node name="delete" value="Видалити локальну копію"/>
		<node name="readDemo" value="Читати уривок"/>
		<node name="deleteDemo" value="Видалити уривок"/>
		<node name="downloadDemo" value="Завантажити уривок"/>
		<node name="buy" value="Придбати (%s)"/>
		<node name="addToBasket" value="Додати в кошик"/>
		<node name="removeFromBasket" value="Прибрати з кошика"/>
		<node name="openBasket" value="Відкрити кошик"/>
		<node name="clearBasket" value="Очистити кошик"/>
		<node name="buyAllBooks" value="Купити всі книжки"/>
		<node name="openInBrowser" value="Показати у браузері"/>
		<node name="stopLoading" value="Припинити завантаження"/>
		<node name="stopSearching" value="Припинити пошук"/>
		<node name="signIn" value="Увійти"/>
		<node name="signOut" value="Вийти (%s)"/>
		<node name="signUp" value="Sign up" toBeTranslated="true"/>
		<node name="quickBuy" value="Quick buy" toBeTranslated="true"/>
		<node name="topup" value="Поповнити рахунок (поточний рахунок: %s)"/>
		<node name="topupTitle" value="Поповнити рахунок"/>
		<node name="topupViaBrowser" value="Відкрити сторінку веб-переглядачем"/>
		<node name="authorisationMenuTitle" value="Select action"/>
		<node name="topupSummary" value="Поточний рахунок: %s"/>
		<node name="basket" value="Кошик"/>
		<node name="basketSummaryEmpty" value="Немає книжок"/>
		<node name="basketSummaryCountOnly" value="%0 книжок"/>
		<node name="basketSummary" value="%0 книжок (%1)"/>
		<node name="alreadyDownloading" value="Книжка завантажується"/>
		<node name="alreadyDownloadingDemo" value="Уривок завантажається"/>
		<node name="stoppingCatalogLoading" value="Зупинка завантаження"/>
		<node name="stoppingNetworkSearch" value="Завершення пошуку"/>
		<node name="editCustomCatalog" value="Змінити теку"/>
		<node name="removeCustomCatalog" value="Видалити теку"/>
		<node name="addCustomCatalog" value="Додати теку"/>
		<node name="addCustomCatalogSummary" value="Додати OPDS каталог вручну"/>
		<node name="disableCatalog" value="Disable catalogue" toBeTranslated="true"/>
		<node name="confirmQuestions">
			<node name="read" value="Бажаєте відкрити локальну копію?"/>
			<node name="download" value="Ви хочете завантажити цю книгу?"/>
			<node name="readDemo" value="Ви хочете відкрити уривок?"/>
			<node name="downloadDemo" value="Ви хочете завантажити уривок?"/>
			<node name="buy" value="Ви хочете придбати цю книгу? (%s)"/>
			<node name="openInBrowser" value="Ви хочете відкрити цю теку у браузері?"/>
		</node>
		<node name="downloadingCatalogs" value="Йде завантаження каталогів"/>
		<!-- used as notification title -->
		<node name="searchingNetwork" value="Пошук книжок у мережі"/>
		<!-- used as notification title -->
		<node name="addCatalog">
			<node name="title" value="Додати каталог"/>
			<node name="editUrl" value="Ввести URL вручну"/>
		</node>
		<node name="manageCatalogs" value="Manage catalogues" toBeTranslated="true">
			<node name="summary" value="Configure your catalogues" toBeTranslated="true"/>
			<node name="enabled" value="Enabled" toBeTranslated="true"/>
			<node name="disabled" value="Disabled" toBeTranslated="true"/>
		</node>
		<node name="menu">
			<node name="openRoot" value="Root catalogue" toBeTranslated="true"/>
			<node name="networkSearch" value="Пошук в мережі"/>
			<node name="reload" value="Оновити"/>
			<node name="signIn" value="Увійти"/>
			<node name="signUp" value="Зареєструватися"/>
			<node name="signOut" value="Вийти (%s)"/>
			<node name="topup" value="Поповнити рахунок"/>
			<node name="addCustomCatalog" value="Додати каталог"/>
			<node name="refreshCatalogsList" value="Оновити каталоги"/>
			<node name="manageCatalogs" value="Manage catalogues" toBeTranslated="true"/>
			<node name="clearBasket" value="Очистити кошик"/>
			<node name="buyAllBooks" value="Купити всі книжки"/>
		</node>
	</node>
	<node name="buyBook">
		<node name="title" value="Придбання книги"/>
		<node name="titleSeveralBooks" value="Придбати книжки"/>
		<node name="confirm" value="Ви впевненні, що хочете придбати книгу&#10;«%s»?"/>
		<node name="confirmSeveralBooks" value="Ви впевнені що хочете придбати %s книжок?"/>
		<node name="alreadyBought" value="Книга вже придбана"/>
		<node name="notAuthorised" value="Потрібна авторизація"/>
		<node name="noAccountInformation" value="Неможливо завантажити стан аккаунту"/>
		<node name="unsufficientFunds" value="Дана покупка коштує %0 але у Вас лише %1"/>
		<node name="zeroFunds" value="Дана покупка коштує %0"/>
	</node>
	<node name="bookInfo">
		<node name="bookInfo" value="Інформація про книгу"/>
		<node name="fileInfo" value="Інформація про файл"/>
		<node name="description" value="Опис"/>
		<node name="noDescription" value="Опис відсутній."/>
		<node name="annotation" value="Анотації"/>
		<node name="title" value="Назва:"/>
		<node name="authors" value="Автори:"/>
		<node name="series" value="Серія:"/>
		<node name="indexInSeries" value="Номер у серії:"/>
		<node name="tags" value="Категорії:"/>
		<node name="language" value="Мова:"/>
		<node name="name" value="Ім'я:"/>
		<node name="type" value="Тип:"/>
		<node name="size" value="Розмір:"/>
		<node name="time" value="Востаннє змінено:"/>
		<node name="sizeInBytes" value="%s байт"/>
		<node name="sizeInKiloBytes" value="%s kB"/>
		<node name="catalog" value="Каталог:"/>
		<node name="extraLinks" value="Пов'язані посилання"/>
		<node name="menu">
			<node name="edit" value="Редагувати"/>
		</node>
	</node>
	<node name="bookDownloader">
		<node name="downloadCompleteTicker" value="Книга завантажена"/>
		<node name="downloadFailedTicker" value="Книгу завантажити не вдалось"/>
		<node name="downloadComplete" value="Завантаження завершене"/>
		<node name="downloadFailed" value="Не вдалось завантажити"/>
		<node name="downloadStarted" value="Завантаження книги почалось"/>
		<node name="alreadyDownloading" value="Книга вже завантажується"/>
		<node name="cannotCreateDirectory" value="Неможливо створити теку %s"/>
		<node name="cannotCreateFile" value="Неможливо створити файл %s"/>
	</node>
	<node name="tocView">
		<node name="expandTree" value="Розгорнути гілку дерева"/>
		<node name="collapseTree" value="Згорнути гілку дерева"/>
		<node name="readText" value="Читати главу"/>
	</node>
	<node name="bookmarksView">
		<node name="thisBook" value="Ця книга"/>
		<node name="allBooks" value="Усі книги"/>
		<node name="new" value="Додати закладку"/>
		<node name="openBook" value="Відкрити"/>
		<node name="editBookmark" value="Поправити закладку"/>
		<node name="deleteBookmark" value="Стерти закладку"/>
		<node name="search" value="Пошук"/>
	</node>
	<node name="editBookmark">
		<node name="text" value="Text" toBeTranslated="true"/>
		<node name="style" value="Style" toBeTranslated="true"/>
		<node name="delete" value="Delete" toBeTranslated="true"/>
		<node name="deleteBookmark" value="Стерти закладку"/>
		<node name="saveText" value="Save text" toBeTranslated="true"/>
		<node name="editStyle" value="Edit style…" toBeTranslated="true"/>
	</node>
	<node name="toast">
		<node name="more" value="More" toBeTranslated="true"/>
		<node name="offline" value="Offline" toBeTranslated="true"/>
	</node>
	<node name="cancelMenu">
		<node name="library" value="Відкрити бібліотеку"/>
		<node name="networkLibrary" value="Відкрити мережеву бібліотеку"/>
		<node name="previousBook" value="Відкрити попередню книгу"/>
		<node name="returnTo" value="Повернутися до …"/>
		<node name="back" value="Назад"/>
		<node name="forward" value="Вперед"/>
		<node name="close" value="Закрити FBReader"/>
	</node>
	<node name="style" value="Style %s" toBeTranslated="true"/>
	<node name="editStyle" value="Edit style" toBeTranslated="true">
		<node name="name" value="Style name" toBeTranslated="true"/>
		<node name="invisible" value="Invisible" toBeTranslated="true">
			<node name="summaryOn" value="Do not highlight bookmarks" toBeTranslated="true"/>
			<node name="summaryOff" value="Highlight bookmarks" toBeTranslated="true"/>
		</node>
		<node name="bgColor" value="Background colour" toBeTranslated="true"/>
	</node>
	<node name="selection" value="Позначка">
		<node name="quoteFrom" value="Цитата з %s"/>
		<node name="textInBuffer" value="Копіювати в буфер:&#10;%s"/>
	</node>
	<node name="sharing">
		<node name="sharedFrom" value="Поширено з &lt;a href=&quot;https://ru.fbreader.org/&quot;&gt;FBReader&lt;/a&gt;"/>
	</node>
	<node name="menu">
		<node name="whatsnew" value="What's new" toBeTranslated="true"/>
		<node name="openStartScreen" value="Стартовий екран"/>
		<node name="preferences" value="Налаштування"/>
		<node name="bookInfo" value="Про книгу"/>
		<node name="library" value="Бібліотека"/>
		<node name="toc" value="Зміст"/>
		<node name="day" value="День"/>
		<node name="night" value="Ніч"/>
		<node name="dayNight" value="Day/Night" toBeTranslated="true"/>
		<node name="yotaSwitchToBackScreen" value="Switch to back screen" toBeTranslated="true"/>
		<node name="yotaSwitchToFrontScreen" value="Switch to front screen" toBeTranslated="true"/>
		<node name="networkLibrary" value="Мережева бібліотека"/>
		<node name="navigate" value="Перехід">
			<node name="toc" value="Зміст"/>
			<node name="gotoHome" value="В початок книги"/>
			<node name="gotoSectionStart" value="В початок разділу"/>
			<node name="gotoSectionEnd" value="В кінець розділу"/>
			<node name="nextTOCSection" value="До наступної глави"/>
			<node name="previousTOCSection" value="До попередньої глави"/>
			<node name="undo" value="Назад"/>
			<node name="redo" value="Вперед"/>
		</node>
		<node name="shareBook" value="Поділитись книгою"/>
		<node name="search" value="Пошук"/>
		<node name="rotate" value="Повернути"/>
		<node name="screenOrientation" value="Орієнтація екрану"/>
		<node name="screenOrientationSystem" value="Системна"/>
		<node name="screenOrientationSensor" value="Залежна від положення пристрою"/>
		<node name="screenOrientationPortrait" value="Портретна"/>
		<node name="screenOrientationLandscape" value="Ландшафтна"/>
		<node name="screenOrientationReversePortrait" value="Перевернута портретна"/>
		<node name="screenOrientationReverseLandscape" value="Перевернута ландшафтна"/>
		<node name="increaseFont" value="Збільшити шрифт"/>
		<node name="decreaseFont" value="Зменшити шрифт"/>
		<node name="changeFontSize" value="Zoom in/out" toBeTranslated="true"/>
		<node name="toggleFullscreen" value="На весь екран"/>
		<node name="bookmarks" value="Закладки"/>
		<node name="help" value="Help" toBeTranslated="true"/>
		<node name="plugins" value="Install plugins" toBeTranslated="true"/>
		<node name="gotoPageNumber" value="На сторінку…"/>
	</node>
	<node name="BookInfo">
		<node name="fileName" value="Файл"/>
		<node name="title" value="Назва"/>
		<node name="language" value="Мова"/>
		<node name="encoding" value="Кодування"/>
		<node name="authors" value="Автори"/>
		<node name="tags" value="Категорії"/>
		<node name="series" value="Серія"/>
	</node>
	<node name="Preferences" value="FBReader settings" toBeTranslated="true">
		<node name="sync" value="Synchronisation" toBeTranslated="true">
			<node name="summary" value="Book network settings" toBeTranslated="true"/>
			<node name="site" value="Read more about synchronisation" toBeTranslated="true">
				<node name="url" value="https://books.fbreader.org/help.html" toBeTranslated="true"/>
			</node>
			<node name="enable" value="Enable synchronisation" toBeTranslated="true">
				<node name="summaryOn" value="Synchronise my library with FBReader book network server" toBeTranslated="true"/>
				<node name="summaryOnWithAccount" value="Synchronise my library as %s" toBeTranslated="true"/>
				<node name="summaryOff" value="Do not synchronise my library with FBReader book network server" toBeTranslated="true"/>
			</node>
			<node name="values">
				<node name="always" value="Always" toBeTranslated="true"/>
				<node name="viaWifi" value="If device is connected via Wi-Fi" toBeTranslated="true"/>
				<node name="never" value="Never" toBeTranslated="true"/>
			</node>
			<node name="uploadAllBooks" value="Upload all books to server" toBeTranslated="true"/>
			<node name="downloadAllBooks" value="Download all books from server" toBeTranslated="true"/>
			<node name="downloadCurrentBook" value="Download current book from server" toBeTranslated="true"/>
			<node name="positions" value="Synchronise reading positions" toBeTranslated="true"/>
			<node name="bookmarks" value="Synchronise bookmarks" toBeTranslated="true"/>
			<node name="customShelves" value="Synchronise custom shelves" toBeTranslated="true"/>
			<node name="metainfo" value="Synchronise metainfo (title, tags, etc.)" toBeTranslated="true"/>
			<node name="changeCurrentBook" value="Change current book" toBeTranslated="true">
				<node name="summaryOn" value="Open same book on all devices" toBeTranslated="true"/>
				<node name="summaryOff" value="Synchronise reading positions, but do not open same book on all devices" toBeTranslated="true"/>
			</node>
		</node>
		<node name="directories" value="Теки">
			<node name="summary" value="Теки для пошуку файлів"/>
			<node name="bookPath" value="Where to search for books" toBeTranslated="true">
				<node name="chooserTitle" value="Теки з книжками"/>
			</node>
			<node name="downloadDir" value="Where to store downloaded books" toBeTranslated="true">
				<node name="chooserTitle" value="Теки з книжками"/>
			</node>
			<node name="fontPath" value="Where to search for fonts" toBeTranslated="true">
				<node name="chooserTitle" value="Теки зі шрифтами"/>
			</node>
			<node name="tempDir" value="Where to store temporary files" toBeTranslated="true">
				<node name="chooserTitle" value="Temp files folder" toBeTranslated="true"/>
			</node>
		</node>
		<node name="appearance" value="Зовнішній вигляд">
			<node name="summary" value="Орієнтація, панель стану"/>
			<node name="language" value="Interface language" toBeTranslated="true"/>
			<node name="screenOrientation" value="Орієнтація екрану">
				<node name="system" value="Системна"/>
				<node name="sensor" value="Залежна від положення пристрою"/>
				<node name="portrait" value="Портнетна"/>
				<node name="landscape" value="Ландшафтна"/>
				<node name="reversePortrait" value="Перевернута портрента"/>
				<node name="reverseLandscape" value="Перевернута ландшафтна"/>
			</node>
			<node name="autoOrientation" value="Автоматичний поворот">
				<node name="summaryOn" value="Зображення повертається при повороті пристрою"/>
				<node name="summaryOff" value="Зображення не повертається при повороті пристрою"/>
			</node>
			<node name="showStatusBar" value="Показати панель стану">
				<node name="summaryOn" value="Панель стану видно під час читання"/>
				<node name="summaryOff" value="Панель стану не видно під час читання"/>
			</node>
			<node name="showActionBar" value="Показувати панель дій">
				<node name="summaryOn" value="Показувати панель дій під час читання"/>
				<node name="summaryOff" value="Сховати панель дій під час читання"/>
			</node>
			<node name="showStatusBarWhenMenuIsActive" value="Панель стану коли відкрите меню">
				<node name="summaryOn" value="Показати панель стану коли відкривається меню"/>
				<node name="summaryOff" value="Не показувати панель стану коли відкривається меню"/>
			</node>
			<node name="fullscreenMode" value="Fullscreen mode" toBeTranslated="true">
				<node name="summaryOn" value="Hide navigation controls" toBeTranslated="true"/>
				<node name="summaryOff" value="Show navigation controls" toBeTranslated="true"/>
			</node>
			<node name="disableButtonLights" value="Підсвічування апаратник клавіш">
				<node name="summaryOn" value="Вимкнути підсвічування (не для всіх пристроїв)"/>
				<node name="summaryOff" value="Не намагатись вимикати підсвічування"/>
			</node>
			<node name="twoColumnView" value="Two column view" toBeTranslated="true">
				<node name="summaryOn" value="Display text in two columns when viewed horizontally" toBeTranslated="true"/>
				<node name="summaryOff" value="Always display text in one column" toBeTranslated="true"/>
			</node>
			<node name="allowScreenBrightnessAdjustment" value="Керування яскравістю екрану">
				<node name="summaryOn" value="Жестом догори-донизу в лівій частині екрану"/>
				<node name="summaryOff" value="Вимкнути"/>
			</node>
			<node name="dontTurnScreenOff" value="Запобігати вимкненню екрану">
				<node name="0" value="Завжди"/>
				<node name="25" value="Доки заряд батареї більший за 25 відсотків"/>
				<node name="50" value="Доки заряд батареї більший за 50 відсотків"/>
				<node name="100" value="Ніколи"/>
			</node>
			<node name="dontTurnScreenOffDuringCharging" value="Запобігати вимкненню екрану при зарядженні">
				<node name="summaryOn" value="Запобігати вимкненню екрану в режимі зарядки"/>
				<node name="summaryOff" value="Вимикати екран в режимі зарядки"/>
			</node>
		</node>
		<node name="text" value="Текст">
			<node name="summary" value="Шрифти, переноси, інше"/>
			<node name="fontProperties" value="Властивості шрифту">
				<node name="summary" value="Параметри згладжування шрифтів"/>
				<node name="antiAlias" value="Антиаліасинг">
					<node name="summaryOn" value="Антиаліасинг увімкнено"/>
					<node name="summaryOff" value="Антиаліасинг вимкнено"/>
				</node>
				<node name="deviceKerning" value="Кернінг пристрою">
					<node name="summaryOn" value="Використовувати кернінг пристрою"/>
					<node name="summaryOff" value="Не використовувати кернінг пристрою"/>
				</node>
				<node name="dithering" value="Змішування">
					<node name="summaryOn" value="Змішування кольорів увімкнено"/>
					<node name="summaryOff" value="Змішування кольорів вимкнено"/>
				</node>
				<node name="hinting" value="Хінтинг">
					<node name="summaryOn" value="Хінтинг шрифтів увімкнено"/>
					<node name="summaryOff" value="Хінтинг шрифтів вимкнено"/>
				</node>
				<node name="subpixel" value="Субпіксильне згладжування">
					<node name="summaryOn" value="Субпіксильне згладжування увімкнено"/>
					<node name="summaryOff" value="Субпіксильне згладжування вимкнено"/>
				</node>
			</node>
			<node name="font" value="Родина шрифту">
				<node name="inherit" value="&lt;не міняти&gt;"/>
			</node>
			<node name="fontSize" value="Розмір шрифту"/>
			<node name="fontStyle" value="Стиль шрифту">
				<node name="regular" value="Звичайний"/>
				<node name="bold" value="Жирний"/>
				<node name="italic" value="Курсив"/>
				<node name="boldItalic" value="Жирний курсив"/>
			</node>
			<node name="bold" value="Жирний">
				<node name="bold" value="жирний"/>
				<node name="normal" value="звичайний"/>
				<node name="inherit" value="&lt;не міняти&gt;"/>
			</node>
			<node name="italic" value="Курсив">
				<node name="italic" value="курсив"/>
				<node name="normal" value="звичайний"/>
				<node name="inherit" value="&lt;не міняти&gt;"/>
			</node>
			<node name="textDecoration" value="Text decoration" toBeTranslated="true">
				<node name="inherit" value="&lt;unchanged&gt;" toBeTranslated="true"/>
				<node name="none" value="no decorations" toBeTranslated="true"/>
				<node name="underline" value="підкреслений"/>
				<node name="line-through" value="закреслений"/>
			</node>
			<node name="lineSpacing" value="Інтервал">
				<node name="inherit" value="&lt;не міняти&gt;"/>
			</node>
			<node name="alignment" value="Вирівнювання">
				<node name="left" value="ліве"/>
				<node name="right" value="праве"/>
				<node name="center" value="по центру"/>
				<node name="justify" value="по краях"/>
				<node name="inherit" value="&lt;не міняти&gt;"/>
			</node>
			<node name="autoHyphenations" value="Перенесення">
				<node name="summaryOn" value="Переносити слова автоматично"/>
				<node name="summaryOff" value="Не переносити слова автоматично"/>
			</node>
			<node name="allowHyphenations" value="Перенесення">
				<node name="auto" value="переносити слова"/>
				<node name="none" value="не переносити слова"/>
				<node name="inherit" value="&lt;не міняти&gt;"/>
			</node>
			<node name="firstLineIndent" value="Червона стрічка"/>
			<node name="spaceBefore" value="Пропуск перед"/>
			<node name="spaceAfter" value="Пропуск після"/>
			<node name="leftIndent" value="Відступ зліва"/>
			<node name="rightIndent" value="Відступ зправа"/>
			<node name="verticalAlignment" value="Vertical alignment" toBeTranslated="true"/>
			<node name="more" value="Більше стилів">
				<node name="summary" value="Окремі налаштування для заголовків, епіграфів, інше"/>
				<node name="Regular Paragraph" value="звичайного тексту">
					<node name="summary" value=""/>
				</node>
				<node name="xhtml-tag-p" value="EPub Paragraph" toBeTranslated="true">
					<node name="summary" value="&lt;p&gt; XHTML tag content" toBeTranslated="true"/>
				</node>
				<node name="Title" value="заголовку">
					<node name="summary" value=""/>
				</node>
				<node name="Section Title" value="назви глави">
					<node name="summary" value=""/>
				</node>
				<node name="Poem Title" value="назви вірша">
					<node name="summary" value=""/>
				</node>
				<node name="Subtitle" value="підзаголовку">
					<node name="summary" value=""/>
				</node>
				<node name="Annotation" value="анотації">
					<node name="summary" value=""/>
				</node>
				<node name="Epigraph" value="епіграфа">
					<node name="summary" value=""/>
				</node>
				<node name="Stanza" value="строфи">
					<node name="summary" value=""/>
				</node>
				<node name="Verse" value="віршів">
					<node name="summary" value=""/>
				</node>
				<node name="Preformatted text" value="тексту всередині &lt;pre&gt;">
					<node name="summary" value=""/>
				</node>
				<node name="Image" value="малюнка">
					<node name="summary" value=""/>
				</node>
				<node name="Cite" value="цитати">
					<node name="summary" value=""/>
				</node>
				<node name="Author" value="імені автора">
					<node name="summary" value=""/>
				</node>
				<node name="Date" value="дати">
					<node name="summary" value=""/>
				</node>
				<node name="Internal Hyperlink" value="посилання">
					<node name="summary" value=""/>
				</node>
				<node name="Footnote" value="виноски">
					<node name="summary" value=""/>
				</node>
				<node name="Emphasis" value="виділення (emphasis)">
					<node name="summary" value=""/>
				</node>
				<node name="Strong" value="виділення (strong)">
					<node name="summary" value=""/>
				</node>
				<node name="Subscript" value="нижнього індекса">
					<node name="summary" value=""/>
				</node>
				<node name="Superscript" value="верхнього індекса">
					<node name="summary" value=""/>
				</node>
				<node name="Code" value="тексту програми">
					<node name="summary" value=""/>
				</node>
				<node name="StrikeThrough" value="закресленого тексту">
					<node name="summary" value=""/>
				</node>
				<node name="Italic" value="курсиву">
					<node name="summary" value=""/>
				</node>
				<node name="Bold" value="жирного тексту">
					<node name="summary" value=""/>
				</node>
				<node name="Definition" value="визначення">
					<node name="summary" value=""/>
				</node>
				<node name="Definition Description" value="тексту визначення">
					<node name="summary" value=""/>
				</node>
				<node name="Header 1" value="тексу всередині &lt;h1&gt;">
					<node name="summary" value=""/>
				</node>
				<node name="Header 2" value="тексту всередині &lt;h2&gt;">
					<node name="summary" value=""/>
				</node>
				<node name="Header 3" value="тексту всередині &lt;h3&gt;">
					<node name="summary" value=""/>
				</node>
				<node name="Header 4" value="тексту всередині &lt;h4&gt;">
					<node name="summary" value=""/>
				</node>
				<node name="Header 5" value="тексту всередині &lt;h5&gt;">
					<node name="summary" value=""/>
				</node>
				<node name="Header 6" value="тексту всередині &lt;h6&gt;">
					<node name="summary" value=""/>
				</node>
				<node name="External Hyperlink" value="зовнішнього посилання">
					<node name="summary" value=""/>
				</node>
			</node>
		</node>
		<node name="toast" value="Pop-ups" toBeTranslated="true">
			<node name="summary" value="Footnote windows, etc." toBeTranslated="true"/>
			<node name="showFootnoteToast" value="Show linked text in a popup" toBeTranslated="true">
				<node name="never" value="Never" toBeTranslated="true"/>
				<node name="footnotesOnly" value="For footnotes only" toBeTranslated="true"/>
				<node name="footnotesAndSuperscripts" value="For footnotes and superscript links" toBeTranslated="true"/>
				<node name="allInternalLinks" value="For all internal links" toBeTranslated="true"/>
			</node>
			<node name="footnoteToastDuration" value="How long to display link popup" toBeTranslated="true"/>
			<node name="fontSizePercent" value="Font size (percent from regular text)" toBeTranslated="true"/>
		</node>
		<node name="css" value="CSS" toBeTranslated="true">
			<node name="summary" value="Apply/ignore values defined in CSS" toBeTranslated="true"/>
			<node name="fontFamily" value="Font family" toBeTranslated="true">
				<node name="summaryOn" value="Use font family defined in CSS" toBeTranslated="true"/>
				<node name="summaryOff" value="Ignore font family defined in CSS" toBeTranslated="true"/>
			</node>
			<node name="fontSize" value="Font size" toBeTranslated="true">
				<node name="summaryOn" value="Apply font size defined in CSS" toBeTranslated="true"/>
				<node name="summaryOff" value="Ignore font size defined in CSS" toBeTranslated="true"/>
			</node>
			<node name="textAlignment" value="Text alignment" toBeTranslated="true">
				<node name="summaryOn" value="Apply text alignment defined in CSS" toBeTranslated="true"/>
				<node name="summaryOff" value="Ignore text alignment defined in CSS" toBeTranslated="true"/>
			</node>
			<node name="margins" value="Margins" toBeTranslated="true">
				<node name="summaryOn" value="Apply margins defined in CSS" toBeTranslated="true"/>
				<node name="summaryOff" value="Ignore margins defined in CSS" toBeTranslated="true"/>
			</node>
		</node>
		<node name="colors" value="Кольори &amp; шпалери">
			<node name="summary" value="Налаштування кольору"/>
			<node name="background" value="Фон">
				<node name="chooser">
					<node name="solidColor" value="Solid colour…" toBeTranslated="true"/>
					<node name="predefined" value="Predefined texture…" toBeTranslated="true"/>
					<node name="selectFile" value="Select file…" toBeTranslated="true"/>
				</node>
				<node name="solidColor" value="Суцільний колір"/>
				<node name="leather" value="Шкіра"/>
				<node name="sepia" value="Сепія"/>
				<node name="wood" value="Деревина"/>
				<node name="sand" value="Sand" toBeTranslated="true"/>
				<node name="hardpaper" value="Hard paper" toBeTranslated="true"/>
			</node>
			<node name="fillMode" value="Fill mode" toBeTranslated="true">
				<node name="tile" value="Tile" toBeTranslated="true"/>
				<node name="tileMirror" value="Mirrored tile" toBeTranslated="true"/>
				<node name="fullscreen" value="Fullscreen" toBeTranslated="true"/>
				<node name="stretch" value="Stretch to fill screen" toBeTranslated="true"/>
				<node name="tileVertically" value="Stretch horizontally, tile vertically" toBeTranslated="true"/>
				<node name="tileHorizontally" value="Stretch vertically, tile horizontally" toBeTranslated="true"/>
			</node>
			<node name="selectionBackground" value="Фон позначки"/>
			<node name="selectionForeground" value="Вибраний текст"/>
			<node name="text" value="Звичайний текст"/>
			<node name="hyperlink" value="Посилання"/>
			<node name="hyperlinkVisited" value="Переглянуті посилання"/>
			<node name="highlightingForeground" value="Search results" toBeTranslated="true"/>
			<node name="highlightingBackground" value="Фон результатів пошуку"/>
			<node name="footerOldStyle" value="Footer (old style)" toBeTranslated="true"/>
			<node name="footerBackground" value="Footer background" toBeTranslated="true"/>
			<node name="footerForeground" value="Footer text" toBeTranslated="true"/>
			<node name="footerForegroundUnread" value="Footer line" toBeTranslated="true"/>
		</node>
		<node name="margins" value="Відступи">
			<node name="summary" value="Відступи тексту"/>
			<node name="left" value="Відступ зліва"/>
			<node name="right" value="Відступ зправа"/>
			<node name="top" value="Відступ зверху"/>
			<node name="bottom" value="Відступ знизу"/>
			<node name="spaceBetweenColumns" value="Column spacing" toBeTranslated="true"/>
		</node>
		<node name="scrollBar" value="Смуга прокрутки">
			<node name="summary" value="Смуга прокрутки &amp; налаштування підвалу"/>
			<node name="scrollbarType" value="Тип cмуги прокрутки">
				<node name="hide" value="Схована"/>
				<node name="show" value="Вертикальний слайдер"/>
				<node name="showAsProgress" value="Вертикальна панель стану"/>
				<node name="showAsFooter" value="Горизонтальний підвал"/>
				<node name="showAsFooterOldStyle" value="Horizontal footer (old style)" toBeTranslated="true"/>
			</node>
			<node name="footerHeight" value="Висота підвалу"/>
			<node name="footerOldStyleColor" value="Footer (old style) colour" toBeTranslated="true"/>
			<node name="footerBackgroundColor" value="Footer background colour" toBeTranslated="true"/>
			<node name="footerForegroundColor" value="Footer text colour" toBeTranslated="true"/>
			<node name="footerForegroundUnreadColor" value="Footer line colour" toBeTranslated="true"/>
			<node name="tocMarks" value="Показувати відмітки TOC">
				<node name="summaryOn" value="Показувати відмітки TOC в підвалі"/>
				<node name="summaryOff" value="Не показувати відмітки TOC в підвалі"/>
			</node>
			<node name="tocMarksMaxNumber" value="Maximum number of TOC marks to display" toBeTranslated="true"/>
			<node name="showProgress" value="Show reading progress" toBeTranslated="true">
				<node name="dontDisplay" value="Do not show" toBeTranslated="true"/>
				<node name="asPages" value="As page number" toBeTranslated="true"/>
				<node name="asPercentage" value="As percentage" toBeTranslated="true"/>
				<node name="asPagesAndPercentage" value="As page number and percentage" toBeTranslated="true"/>
			</node>
			<node name="showBattery" value="Показувати рівень заяду">
				<node name="summaryOn" value="Показувати рівень заяду в підвалі"/>
				<node name="summaryOff" value="Не показувати рівень заяду в підвалі"/>
			</node>
			<node name="showClock" value="Показувати годинник">
				<node name="summaryOn" value="Показувати годинник в підвалі"/>
				<node name="summaryOff" value="Не показувати годинник в підвалі"/>
			</node>
			<node name="font" value="Родина шрифтів"/>
		</node>
		<node name="scrolling" value="Перегортання сторінок">
			<node name="summary" value="Як прокручувати текст"/>
			<node name="fingerScrolling" value="Жести прокручування">
				<node name="byTap" value="Перегортати сторінку дотиком"/>
				<node name="byFlick" value="Перегортати сторінку жестом вліво-вправо"/>
				<node name="byTapAndFlick" value="Перегортати сторінку дотиком або жестом вліво-вправо"/>
			</node>
			<node name="enableDoubleTapDetection" value="Визначати подвійний дотик">
				<node name="summaryOn" value="Подвійний дотик для запуску меню навігації"/>
				<node name="summaryOff" value="Ігнорувати подвійний дотик"/>
			</node>
			<node name="volumeKeys" value="Використання кнопки налаштування звуку">
				<node name="summaryOn" value="Кнопки збільшення/зменшення звуку перегортають сторінки"/>
				<node name="summaryOff" value="Кнопки збільшення/зменшення звуку працюють як звичайно"/>
			</node>
			<node name="invertVolumeKeys" value="Перегортати кнопками в зворотньому напрямку">
				<node name="summaryOn" value="Нижня кнопка гортає сторінки вперед"/>
				<node name="summaryOff" value="Верхня кнопка гортає сторінки вперед"/>
			</node>
			<node name="animation" value="Анімація">
				<node name="none" value="Перегортати без анімації"/>
				<node name="curl" value="Кучеряво"/>
				<node name="slide" value="Слайд"/>
				<node name="slideOldStyle" value="Slide animation (old style)" toBeTranslated="true"/>
				<node name="shift" value="Зсув"/>
			</node>
			<node name="animationSpeed" value="Швидкість анімації">
				<node name="fast" value="швидко"/>
				<node name="slow" value="повільно"/>
			</node>
			<node name="horizontal" value="Горизонтальне перегортання">
				<node name="summaryOn" value="При гортанні сторінка рухається по горизонталі"/>
				<node name="summaryOff" value="При гортанні сторінка рухається по вертикалі"/>
			</node>
		</node>
		<node name="tapZones" value="Зони дотику">
			<node name="summary" value="Дії при дотику"/>
			<node name="tapZonesScheme" value="Схема зон дотику">
				<node name="left_to_right" value="Перегортання сторінки зліва направо"/>
				<node name="right_to_left" value="Перегортання сторінки сплава наліво"/>
				<node name="up" value="Перегортання сторінки знизу догори"/>
				<node name="down" value="Перегортання сторінки зверху вниз"/>
				<node name="custom" value="Інше…"/>
			</node>
		</node>
		<node name="dictionary" value="Dictionary &amp; translator" toBeTranslated="true">
			<node name="summary" value="Translation settings" toBeTranslated="true"/>
			<node name="dictionary" value="Look up single word in" toBeTranslated="true"/>
			<node name="translator" value="Translate phrases via" toBeTranslated="true"/>
			<node name="translateOffline" value="Google Translate: use offline translator (if installed)" toBeTranslated="true">
				<node name="always" value="Always" toBeTranslated="true"/>
				<node name="onError" value="Automatically, if online translation fails" toBeTranslated="true"/>
				<node name="ask" value="Ask if online translation fails" toBeTranslated="true"/>
				<node name="never" value="Never" toBeTranslated="true"/>
			</node>
			<node name="translationToastDuration" value="How long to show translation popup" toBeTranslated="true"/>
			<node name="errorToastDuration" value="How long to show error message" toBeTranslated="true"/>
			<node name="sourceLanguage" value="Translate from" toBeTranslated="true">
				<node name="detect" value="Automatically detect language" toBeTranslated="true"/>
			</node>
			<node name="targetLanguage" value="Translate to" toBeTranslated="true">
				<node name="any" value="All languages" toBeTranslated="true"/>
			</node>
			<node name="longTapAction" value="Дія при довгому натисканні">
				<node name="doNothing" value="Довге натискання нічого не робить"/>
				<node name="selectSingleWord" value="Довге натискання вибирає слово"/>
				<node name="startSelecting" value="Довге натискання починає виділення"/>
				<node name="openDictionary" value="Довге натискання вибирає слово, відпускання відкриває словник"/>
			</node>
			<node name="navigateOverAllWords" value="Перехід по всім словам">
				<node name="summaryOn" value="Ключовий перехід відвідує всі слова"/>
				<node name="summaryOff" value="Ключовий перехід відвідує тільки посилання"/>
			</node>
		</node>
		<node name="images" value="Зображення">
			<node name="summary" value="Параметри перегляду зображень"/>
			<node name="backgroundColor" value="Фоновий колір для перегляду зображень"/>
			<node name="longTapAction" value="Дія при довгому натисканні">
				<node name="doNothing" value="Довге натискання нічого не робить"/>
				<node name="selectImage" value="Довге натискання виділяє зображення"/>
				<node name="openImageView" value="Довге натискання відкриває перегляд зображення"/>
			</node>
			<node name="fitImagesToScreen" value="Fit images to screen" toBeTranslated="true">
				<node name="none" value="None" toBeTranslated="true"/>
				<node name="covers" value="Covers only" toBeTranslated="true"/>
				<node name="all" value="All" toBeTranslated="true"/>
			</node>
			<node name="matchBackground" value="Match background intensity" toBeTranslated="true">
				<node name="summaryOn" value="Adjust image colour to background" toBeTranslated="true"/>
				<node name="summaryOff" value="Do not adjust image colour" toBeTranslated="true"/>
			</node>
		</node>
		<node name="menu" value="Menu" toBeTranslated="true">
			<node name="summary" value="Configure main screen menu" toBeTranslated="true"/>
			<node name="backgroundCover" value="Use book cover as background" toBeTranslated="true">
				<node name="summaryOn" value="Show cover in the book menu" toBeTranslated="true"/>
				<node name="summaryOff" value="Keep background clear" toBeTranslated="true"/>
			</node>
			<node name="bookMenuStatusItem" value="Status item" toBeTranslated="true">
				<node name="summaryOn" value="Show status item in the book menu" toBeTranslated="true"/>
				<node name="summaryOff" value="Hide status item" toBeTranslated="true"/>
			</node>
			<node name="items" value="Menu items" toBeTranslated="true">
				<node name="summary" value="Change items order" toBeTranslated="true"/>
				<node name="bookMenuUpperSection" value="Book menu (upper section)" toBeTranslated="true"/>
				<node name="bookMenuLowerSection" value="Book menu (lower section)" toBeTranslated="true"/>
				<node name="toolbarOrMainMenu" value="Toolbar or main menu" toBeTranslated="true"/>
				<node name="mainMenu" value="Main menu" toBeTranslated="true"/>
				<node name="enabled" value="Enabled" toBeTranslated="true"/>
				<node name="disabled" value="Disabled" toBeTranslated="true"/>
			</node>
		</node>
		<node name="cancelMenu" value="Меню відміни">
			<node name="summary" value="Список дій кнопки Назад"/>
			<node name="library" value="Бібліотека">
				<node name="summaryOn" value="Показувати 'відкрити бібліотеку'"/>
				<node name="summaryOff" value="Сховати 'відкрити бібліотеку'"/>
			</node>
			<node name="networkLibrary" value="Мережева бібліотека">
				<node name="summaryOn" value="Показувати 'відкрити мережеву бібліотеку'"/>
				<node name="summaryOff" value="Сховати 'відкрити мережеву бібліотеку'"/>
			</node>
			<node name="previousBook" value="Попередня книга">
				<node name="summaryOn" value="Показувати 'повернутись до попередньої книги'"/>
				<node name="summaryOff" value="Сховати 'повернутись до попередньої книги'"/>
			</node>
			<node name="positions" value="Останні 3 позиції">
				<node name="summaryOn" value="Показувати елементи для останніх трьох позицій в книзі"/>
				<node name="summaryOff" value="Сховати елементи для останніх трьох позицій в книзі"/>
			</node>
			<node name="backKeyAction" value="Дія кнопки назад">
				<node name="exit" value="Закрити FBReader"/>
				<node name="goBack" value="Перейти назад"/>
				<node name="cancelMenu" value="Показати меню відміни"/>
			</node>
			<node name="backKeyLongPressAction" value="Дія довгого натискання кнопки назад">
				<node name="exit" value="Закрити FBReader"/>
				<node name="goBack" value="Перейти назад"/>
				<node name="cancelMenu" value="Показати меню відміни"/>
				<node name="none" value="Нічого не робити"/>
			</node>
		</node>
		<node name="tips" value="Поради">
			<node name="summary" value="Налаштування щоденних порад"/>
			<node name="showTips" value="Показувати поради">
				<node name="summaryOn" value="Показувати щоденні поради"/>
				<node name="summaryOff" value="Не показувати"/>
			</node>
		</node>
		<node name="about" value="Про FBReader">
			<node name="summary" value="Інформація про версію, контакти"/>
			<node name="version" value="Версія"/>
			<node name="site" value="Зайти на наш вебсайт">
				<node name="url" value="https://ru.fbreader.org/"/>
			</node>
			<node name="email" value="Відпратити нам email">
				<node name="url" value="mailto:contact@fbreader.org"/>
			</node>
			<node name="googleplus" value="Join FBReader Google+ community" toBeTranslated="true">
				<node name="url" value="https://plus.google.com/communities/115894899404862312312"/>
			</node>
			<node name="twitter" value="Зафоловити нас на Твітері">
				<node name="url" value="https://twitter.com/fbreader_ru"/>
			</node>
			<node name="facebook" value="FBReader on Facebook" toBeTranslated="true">
				<node name="url" value="https://facebook.com/fbreader"/>
			</node>
			<node name="thirdParty" value="Third-party libraries" toBeTranslated="true"/>
		</node>
		<node name="eink" value="E-ink screen" toBeTranslated="true">
			<node name="summary" value="Specific options for e-ink screens" toBeTranslated="true"/>
			<node name="enableFastRefresh" value="Fast refresh mode" toBeTranslated="true">
				<node name="summaryOn" value="Use fast (but not very clean) screen update" toBeTranslated="true"/>
				<node name="summaryOff" value="Use complete (clean, but slow) screen update" toBeTranslated="true"/>
			</node>
			<node name="interval" value="Number of fast updates between complete refreshes" toBeTranslated="true"/>
		</node>
	</node>
	<node name="dialog">
		<node name="button">
			<node name="noThanks" value="No, thanks" toBeTranslated="true"/>
			<node name="install" value="Встановити"/>
			<node name="update" value="Оновити"/>
			<node name="skip" value="Пропустити"/>
			<node name="buy" value="Придбати"/>
			<node name="buyAndDownload" value="Придбати та завантажити"/>
			<node name="download" value="Завантажити"/>
			<node name="continue" value="Продовжити"/>
			<node name="editUrl" value="Змінити URL"/>
			<node name="tryAgain" value="Повторити"/>
			<node name="openBook" value="Читати"/>
			<node name="edit" value="Редагувати"/>
			<node name="reloadInfo" value="Перезавантажити"/>
			<node name="shareBook" value="Поділитись"/>
			<node name="topup" value="Поповнити рахунок"/>
			<node name="pay" value="Заплатити"/>
			<node name="refresh" value="Оновити"/>
			<node name="authorise" value="Авторизуватись"/>
			<node name="resetPosition" value="Скинути позицію"/>
			<node name="sendReport" value="Відправити звіт"/>
			<node name="addToFavorites" value="Додати в улюблені"/>
			<node name="removeFromFavorites" value="Прибрати з улюблених"/>
			<node name="markAsRead" value="Mark as read" toBeTranslated="true"/>
			<node name="markAsUnread" value="Mark as unread" toBeTranslated="true"/>
		</node>
		<node name="gotoPage" value="На сторінку"/>
		<node name="plugin">
			<node name="installTitle" value="Встановити plugin"/>
			<node name="updateTitle" value="Оновити plugin"/>
			<node name="dontAskAgain" value="Не питати знову"/>
		</node>
		<node name="backgroundAuthentication">
			<node name="message" value="Authentication required" toBeTranslated="true"/>
		</node>
		<node name="missingDictionary" value="Missing %s" toBeTranslated="true">
			<node name="install" value="Install %s" toBeTranslated="true"/>
			<node name="configure" value="Configure translation" toBeTranslated="true"/>
			<node name="skip" value="Skip" toBeTranslated="true"/>
		</node>
		<node name="installDictionary">
			<node name="title" value="Встановити словник"/>
			<node name="message" value="Ви хочете встановити %s?"/>
		</node>
		<node name="deleteBookBox">
			<node name="message" value="Файл книги буде видалено назавжди. Продовжити?"/>
		</node>
		<node name="deleteMultipleBookBox">
			<node name="title" value="Delete books" toBeTranslated="true"/>
			<node name="message" value="%s files will be removed permanently. Are you sure?" toBeTranslated="true"/>
		</node>
		<node name="redownloadFileBox">
			<node name="message" value="Файл вже є на пристрої. Завантажити заново?"/>
		</node>
		<node name="litresUserRegistration">
			<node name="title" value="Реєстрація нового користувача"/>
			<node name="login" value="Ім’я користувача"/>
			<node name="password" value="Пароль"/>
			<node name="confirmPassword" value="Ще раз пароль"/>
			<node name="email" value="E-mail"/>
		</node>
		<node name="litresAutoSignIn">
			<node name="title" value="Signing in" toBeTranslated="true"/>
			<node name="email" value="Email" toBeTranslated="true"/>
			<node name="actions">
				<node name="title" value="Unable to sign in with email&#10;%s" toBeTranslated="true"/>
				<node name="recover" value="Recover account information" toBeTranslated="true"/>
				<node name="signIn" value="Sign in manually" toBeTranslated="true"/>
				<node name="anotherEmail" value="Select another email" toBeTranslated="true"/>
			</node>
			<node name="signedIn" value="You are signed in with email address %s." toBeTranslated="true"/>
			<node name="registrationSuccessful" value="We created a LitRes account for you. Detailed information has been sent to %s." toBeTranslated="true"/>
			<node name="passwordSent" value="Your account information was sent to %s. Please check your mailbox." toBeTranslated="true"/>
		</node>
		<node name="waitMessage">
			<node name="translating" value="Translation in progress…" toBeTranslated="true"/>
			<node name="tryConnect" value="Trying to connect. Please wait…" toBeTranslated="true"/>
			<node name="downloadingBook" value="Завантажується книга «%s»"/>
			<node name="search" value="Йде пошук. Зачекайте, будь ласка…"/>
			<node name="loadInfo" value="Завантаження інформації. Зачекайте, будь ласка…"/>
			<node name="loadingBook" value="Відкривається книга. Зачекайте, будь ласка…"/>
			<node name="loadingBookList" value="Відкривається бібліотека. Зачекайте, будь ласка…"/>
			<node name="creatingBooksDatabase" value="Створюється база книг. Зачекайте, будь ласка…"/>
			<node name="updatingBooksDatabase" value="Оновлюється база книг. Зачекайте, будь ласка…"/>
			<node name="loadingNetworkLibrary" value="Відкривається бібліотека. Зачекайте, будь ласка…"/>
			<node name="authentication" value="Йде авторизація. Зачекайте, будь ласка…"/>
			<node name="signOut" value="Вихід із системи. Зачекайте, будь ласка…"/>
			<node name="purchaseBook" value="Йде придбання книги. Зачекайте, будь ласка…"/>
			<node name="loadingCatalogInfo" value="Завантаження інформації з каталогу. Зачекайте, будь ласка…"/>
			<node name="loadingNetworkBookInfo" value="Завантаження інформації про книгу. Зачекайте, будь ласка……"/>
			<node name="updatingCatalogsList" value="Оновлюється список каталогів. Зачекайте, будь ласка…"/>
			<node name="updatingAccountInformation" value="Оновлення інформації аккаунту. Зачекайте, будь ласка……"/>
			<node name="initDRMEngine" value="Initialising DRM engine. Please wait…" toBeTranslated="true"/>
			<node name="acquireLicence" value="Acquiring licence. Please wait…" toBeTranslated="true"/>
			<node name="registerUser" value="Реєструємо користувача. Зачекайте, будь ласка…"/>
			<node name="autoSignIn" value="Signing in. Please wait…" toBeTranslated="true"/>
			<node name="recoverPassword" value="Recovering password. Please wait…" toBeTranslated="true"/>
		</node>
		<node name="networkError">
			<node name="internalError" value="Внутрішня помилка сервера"/>
			<node name="purchaseNotEnoughMoney" value="Не достатньо коштів на рахунку"/>
			<node name="purchaseMissingBook" value="Книга відсутня у продажу"/>
			<node name="purchaseAlreadyPurchased" value="Книга вже була придбана"/>
			<node name="bookNotPurchased" value="Книгу не було придбано"/>
			<node name="downloadLimitExceeded" value="Вичерпано ліміт завантажень"/>
			<node name="noUserForEmail" value="Нема користувача з такою адресою"/>
			<node name="unsupportedOperation" value="Непідтримувана операція"/>
			<node name="notAnOPDS" value="Це не OPDS каталог"/>
			<node name="noRequiredInformation" value="Необхідна інформація не знайдена в каталозі"/>
			<node name="cacheDirectoryError" value="Не вдається створити каталог для кеша"/>
			<node name="usernameAlreadyInUse" value="Це ім’я користувача зайняте"/>
			<node name="usernameNotSpecified" value="Введіть ім’я користувача"/>
			<node name="passwordNotSpecified" value="Введіть пароль"/>
			<node name="passwordsDoNotMatch" value="Ви ввели 2 різних паролі"/>
			<node name="emailNotSpecified" value="Введіть поштову адресу"/>
			<node name="emailAlreadyInUse" value="Email address is already in use" toBeTranslated="true"/>
			<node name="invalidEMail" value="Некоректна поштова адреса"/>
			<node name="tooManyRegistrations" value="Занадто багато реєстрацій з вашого IP;&#10;спробуйте ще раз через декілька хвилин"/>
		</node>
		<node name="AuthenticationDialog">
			<node name="title" value="Авторизація"/>
			<node name="unencryptedWarning" value="Ваш пароль буде відправлено незашифрованим"/>
			<node name="login" value="Ім’я користувача"/>
			<node name="password" value="Пароль"/>
			<node name="loginIsEmpty" value="Ім’я користувача не може бути порожнім"/>
			<node name="register" value="Зареєструватися"/>
		</node>
		<node name="CustomCatalogDialog">
			<node name="title" value="FBReader: додати спеціальний каталог"/>
			<node name="catalogTitle" value="Назва"/>
			<node name="catalogUrl" value="URL"/>
			<node name="catalogSummary" value="Опис"/>
			<node name="catalogTitleExample" value="Напр.: Epub Books"/>
			<node name="catalogUrlExample" value="Напр.: http://www.epubbooks.ru/index.xml"/>
			<node name="catalogSummaryExample" value="Напр.: Книжки українською"/>
			<node name="titleIsEmpty" value="Назва не може бути пустою"/>
			<node name="urlIsEmpty" value="URL не може бути пустим"/>
			<node name="invalidUrl" value="Невірний URL"/>
			<node name="titleAlreadyExists" value="Таку назву вже використано"/>
			<node name="siteAlreadyExists" value="Цей каталог вже є у списку"/>
		</node>
		<node name="languageFilterDialog">
			<node name="title" value="Мовний фільтр"/>
		</node>
		<node name="tips">
			<node name="title" value="Порада дня"/>
			<node name="initializationText" value="Чи хочете ви читати щоденні поради FBReader? Нові поради будуть завантажені з сайту FBReader. Очікуваний інтернет-трафік 1-2 кілобайти на тиждень.&#10;&#10;Ввімкнути поради?"/>
			<node name="dontShowAgain" value="Не показувати знову"/>
			<node name="more" value="Наступна порада"/>
		</node>
		<node name="screenHint">
			<node name="message1" value="FBReader works in fullscreen mode by default. Tap the centre third of the screen now to show controls. You can change this in the “Appearance” section of the Settings dialog." toBeTranslated="true"/>
			<node name="message2" value="Well done! Now tap the centre third of the screen again to hide the controls and this hint. If you want to keep controls on the screen while reading, select the “Show action bar” option in “Appearance” in Settings." toBeTranslated="true"/>
		</node>
		<node name="folderList">
			<node name="addFolder" value="Add folder" toBeTranslated="true"/>
			<node name="removeDialog" value="Remove folder" toBeTranslated="true">
				<node name="message" value="Remove “%s” from the list?" toBeTranslated="true"/>
			</node>
			<node name="duplicate" value="“%s” is already in the list" toBeTranslated="true"/>
		</node>
		<node name="editList">
			<node name="edit" value="Edit" toBeTranslated="true"/>
			<node name="remove" value="Remove" toBeTranslated="true"/>
		</node>
		<node name="editTags" value="Tags" toBeTranslated="true">
			<node name="addTag" value="Add tag" toBeTranslated="true"/>
			<node name="editTag" value="Edit tag" toBeTranslated="true"/>
			<node name="removeTag" value="Remove tag" toBeTranslated="true">
				<node name="message" value="Remove tag “%s” from the list?" toBeTranslated="true"/>
			</node>
		</node>
		<node name="editAuthors" value="Authors" toBeTranslated="true">
			<node name="addAuthor" value="Add author" toBeTranslated="true"/>
			<node name="editAuthor" value="Edit author" toBeTranslated="true"/>
			<node name="removeAuthor" value="Remove author" toBeTranslated="true">
				<node name="message" value="Remove author “%s” from the list?" toBeTranslated="true"/>
			</node>
		</node>
		<node name="fileChooser">
			<node name="root" value="Root" toBeTranslated="true"/>
			<node name="newFolder" value="New folder" toBeTranslated="true"/>
			<node name="folderNameHint" value="Folder name" toBeTranslated="true"/>
			<node name="menu">
				<node name="origin" value="Origin" toBeTranslated="true"/>
				<node name="reload" value="Reload" toBeTranslated="true"/>
			</node>
			<node name="sortBy" value="Sort by" toBeTranslated="true">
				<node name="name" value="Name" toBeTranslated="true"/>
				<node name="size" value="Size" toBeTranslated="true"/>
				<node name="date" value="Date" toBeTranslated="true"/>
			</node>
			<node name="permissionDenied" value="Permission denied" toBeTranslated="true"/>
		</node>
		<node name="missingPlugin" value="Missing plugin" toBeTranslated="true">
			<node name="message" value="Plugin for %s files is not installed. Install now?" toBeTranslated="true"/>
		</node>
		<node name="licensing" value="Not licensed" toBeTranslated="true">
			<node name="message" value="%s is not licensed. Purchase on Google Play now?" toBeTranslated="true"/>
		</node>
		<node name="retryLicensing" value="Licence verification" toBeTranslated="true">
			<node name="message" value="Cannot verify %s licence. Try again?" toBeTranslated="true"/>
		</node>
	</node>
	<node name="errorMessage">
		<node name="nativeCodeFailure" value="Error %s in native code while reading '%s'" toBeTranslated="true"/>
		<node name="errorReadingFile" value="Виникла помилка під час читання '%s'"/>
		<node name="errorReadingZip" value="Виникла помилка під час розпаковування '%s'"/>
		<node name="pluginNotFound" value="Немає плагіну для '%s'"/>
		<node name="unknownPluginType" value="Невідомий тип плагіну: %s"/>
		<node name="fileNotFound" value="Файл не знайдено: %s"/>
		<node name="unsupportedEncryptionMethod" value="File %s encryption method is not supported by FBReader. Some pages are not readable" toBeTranslated="true"/>
		<node name="opfFileNotFound" value="OPF не знайдено в %s"/>
		<node name="unsupportedFileFormat" value="Формат файлу не підтримується для '%s'"/>
		<node name="errorParsingRtf" value="Помилка обробки Rtf в: %s"/>
		<node name="cannotRunAndroidMarket" value="Немає доступу до Android Market. Будь-ласка, встановіть %s вручну"/>
		<node name="textNotFound" value="У цій книзі нема такого тексту"/>
		<node name="bookNotFound" value="Немає відповідних книг"/>
		<node name="bookmarkNotFound" value="Нема відповідних закладок"/>
		<node name="cannotOpenBook" value="Невдається відкрити книгу"/>
		<node name="dictionaryIsNotInstalled" value="На жаль словник не встановлено"/>
		<node name="permissionDenied" value="Немає доступу, на жаль"/>
		<node name="noFavorites" value="Ваш список улюблених порожній"/>
		<node name="noSeries" value="There are no books in series" toBeTranslated="true"/>
		<node name="emptyCatalog" value="Каталог порожній"/>
		<node name="emptyBasket" value="На жаль ваш кошик порожній"/>
		<node name="emptyNetworkSearchResults" value="Відповідних книг не знайдено"/>
		<node name="videoServiceNotWorking" value="Video service is not available" toBeTranslated="true"/>
		<node name="videoPlayerNotFound" value="No video player installed on this device" toBeTranslated="true"/>
		<node name="bookIsMissingTitle" value="Missing book" toBeTranslated="true"/>
		<node name="bookIsMissing" value="Book '%s' is not found on the device" toBeTranslated="true"/>
		<node name="downloadFailed" value="Не вдалось завантажити"/>
	</node>
	<node name="external">
		<node name="browser" value="браузері"/>
		<node name="defaultBrowser" value="браузері"/>
	</node>
	<node name="crash">
		<node name="fixBooksDirectory">
			<node name="title" value="Проблема з FBReader"/>
			<node name="text" value="Cannot write to FBReader cache. Please check that your memory card is inserted correctly, or select another directory." toBeTranslated="true"/>
		</node>
		<node name="missingNativeLibrary">
			<node name="title" value="Проблема з FBReader"/>
			<node name="text" value="FBReader не може завантажити native library. Можливо її не встановлено. Якщо проблема залишається, спробуйте перевстановити FBReader."/>
		</node>
	</node>
	<node name="error">
		<node name="bookReading">
			<node name="title" value="неполадка FBReader"/>
		</node>
	</node>
	<node name="links">
		<node name="faqPage" value="https://ru.fbreader.org/faq-page"/>
	</node>
	<node name="plugins" value="Install plugins" toBeTranslated="true">
		<node name="noMorePlugins" value="We have no new plugins at the moment, sorry" toBeTranslated="true"/>
		<node name="litres" value="LitRes" toBeTranslated="true">
			<node name="summary" value="Russian book store" toBeTranslated="true"/>
		</node>
		<node name="tts_plus" value="TTS+" toBeTranslated="true">
			<node name="summary" value="Read aloud" toBeTranslated="true"/>
		</node>
		<node name="calibre_server_integration" value="Calibre connection" toBeTranslated="true">
			<node name="summary" value="Connect to Calibre server in your local network" toBeTranslated="true"/>
		</node>
		<node name="local_opds_scanner" value="Local OPDS Scanner" toBeTranslated="true">
			<node name="summary" value="Look for books in the local network" toBeTranslated="true"/>
		</node>
		<node name="bookshelf" value="Bookshelf" toBeTranslated="true">
			<node name="summary" value="Thumbnail library view" toBeTranslated="true"/>
		</node>
		<node name="opds_server" value="OPDS Server" toBeTranslated="true">
			<node name="summary" value="Allow your device to act as server" toBeTranslated="true"/>
		</node>
		<node name="widgets" value="Widgets" toBeTranslated="true">
			<node name="summary" value="Add books to your home screen" toBeTranslated="true"/>
		</node>
		<node name="pdf" value="PDF" toBeTranslated="true">
			<node name="summary" value="Read books in PDF format" toBeTranslated="true"/>
		</node>
		<node name="djvu" value="DjVu" toBeTranslated="true">
			<node name="summary" value="Read books in DjVu format" toBeTranslated="true"/>
		</node>
		<node name="cbr" value="Comic Books" toBeTranslated="true">
			<node name="summary" value="Read comic books (CBR, CBZ)" toBeTranslated="true"/>
		</node>
	</node>
	<node name="drm">
		<node name="encryptedSection" value="Encrypted section" toBeTranslated="true"/>
	</node>
	<node name="yota">
		<node name="frontScreenMessage" value="Turn the device over to read your book. To return text to this screen, press the button below." toBeTranslated="true"/>
		<node name="frontScreenButton" value="Switch to this screen" toBeTranslated="true"/>
	</node>
	<node name="hint">
		<node name="positiveLength" value="E.g.: 20px, 10pt, 0.8em, 1ex, 120%" toBeTranslated="true"/>
		<node name="length" value="E.g.: -2px, 10pt, -0.8em, 1.1ex, -40%" toBeTranslated="true"/>
		<node name="percent" value="E.g.: 125%" toBeTranslated="true"/>
	</node>
	<node name="duration">
		<node name="duration1" value="1 second" toBeTranslated="true"/>
		<node name="duration3" value="3 seconds" toBeTranslated="true"/>
		<node name="duration5" value="5 seconds" toBeTranslated="true"/>
		<node name="duration10" value="10 seconds" toBeTranslated="true"/>
		<node name="duration20" value="20 seconds" toBeTranslated="true"/>
		<node name="duration40" value="40 seconds" toBeTranslated="true"/>
		<node name="duration60" value="1 minute" toBeTranslated="true"/>
		<node name="duration300" value="5 minutes" toBeTranslated="true"/>
	</node>
	<node name="textSearchPopup">
		<node name="findPrevious" value="Previous occurence" toBeTranslated="true"/>
		<node name="findNext" value="Next occurence" toBeTranslated="true"/>
		<node name="close" value="Close" toBeTranslated="true"/>
	</node>
	<node name="selectionPopup">
		<node name="copyToClipboard" value="Скопіювати до буфера"/>
		<node name="share" value="Share text" toBeTranslated="true"/>
		<node name="openInDictionary" value="Подивитись в словнику"/>
		<node name="translate" value="Translate" toBeTranslated="true"/>
		<!-- this is a verb: make a bookmark -->
		<node name="bookmark" value="Bookmark" toBeTranslated="true"/>
		<node name="close" value="Close" toBeTranslated="true"/>
	</node>
	<node name="dictanErrors">
		<node name="unknown" value="Unknown error" toBeTranslated="true"/>
		<node name="noArticle" value="No article found for “%s”" toBeTranslated="true"/>
		<node name="cannotOpenDictionary" value="Cannot open dictionary" toBeTranslated="true"/>
		<node name="noDictionarySelected" value="Dictionary not selected; please adjust Dictan settings" toBeTranslated="true"/>
	</node>
	<node name="premium" value="FBReader Premium Edition" toBeTranslated="true">
		<node name="shortTitle" value="FBReader Premium" toBeTranslated="true"/>
		<node name="conflict" value="Both FBReader and FBReader Premium appear to be installed. Which one would you like to run?" toBeTranslated="true"/>
	</node>
	<node name="widget">
		<node name="simple">
			<node name="selectIcon" value="Select widget icon" toBeTranslated="true"/>
			<node name="selectAction" value="Select action" toBeTranslated="true"/>
			<node name="book" value="Read book" toBeTranslated="true"/>
			<node name="library" value="Open library" toBeTranslated="true"/>
		</node>
	</node>
	<node name="dictionary">
		<node name="Yandex.Translate" value="Яндекс.Перекладач"/>
	</node>
</resources>
