<?xml version="1.0" encoding="UTF-8"?>
<!-- German zlibrary resources, by Victor Massini-->
<!-- Updated by Ingolf Kübler 2010/11/17 -->
<!-- Updated by Ingolf Kübler 2011/06/26 -->
<!-- Updated by Matthias Dill 2014/04/14 -->
<!-- Updated by Matthias Dill 2014/10/28 -->
<!-- info: http://www.localeplanet.com/icu/ -->
<resources>
	<node name="dialog">
		<node name="button">
			<node name="ok" value="OK"/>
			<node name="cancel" value="Abbruch"/>
			<node name="yes" value="Ja"/>
			<node name="no" value="Nein"/>
			<node name="apply" value="Übernehmen"/>
		</node>
		<node name="networkError">
			<node name="title" value="Netzwerk Fehler"/>
			<node name="unknownErrorMessage" value="Unbekannter Fehler."/>
			<node name="operationTimedOutMessage" value="Zeitüberschreitung."/>
			<node name="somethingWrongMessage" value="Serverfehler bei&#10;%s"/>
			<node name="couldntCreateDirectoryMessage" value="Verzeichnis&#10;%s konnte nicht erstellt werden."/>
			<node name="couldntCreateFileMessage" value="Datei&#10;%s konnte nicht erstellt werden."/>
			<node name="couldntConnectMessage" value="Keine Verbindung zum Server&#10;%s"/>
			<node name="couldntResolveHostMessage" value="Der Servername&#10;%s konnte nicht aufgelöst werden."/>
			<node name="authenticationFailed" value="Die Authentifikation ist fehlgeschlagen."/>
			<node name="unsupportedProtocol" value="Das Protokoll wird nicht unterstützt."/>
			<node name="invalidURL" value="Die URL ist ungültig."/>
			<node name="hostCantBeReached" value="Der Server %s&#10; kann nicht erreicht werden."/>
			<node name="connectionRefused" value="Die Verbindung zu&#10;%s&#10;wurde verweigert."/>
			<node name="networkNotAvailable" value="Keine Verbindung zu einem Netzwerk vorhanden"/>
		</node>
	</node>
	<node name="color">
		<node name="red" value="Rot"/>
		<node name="green" value="Grün"/>
		<node name="blue" value="Blau"/>
	</node>
	<node name="language">
		<node name="ar" value="العربية | Arabisch"/>
		<node name="be" value="беларуская | Weissrussisch"/>
		<node name="bg" value="български |Bulgarisch"/>
		<node name="ca" value="Català | Katalanisch"/>
		<node name="cs" value="Čeština | Tschechisch"/>
		<node name="da" value="Dansk | Dänisch"/>
		<node name="de" value="Deutsch"/>
		<node name="de-traditional" value="Deutsch (alte Schreibweise)"/>
		<node name="el" value="Ελληνικά | Griechisch"/>
		<node name="en" value="English | Englisch"/>
		<node name="en_US" value="English (US) | Englisch (US)"/>
		<node name="eo" value="Esperanto"/>
		<node name="es" value="Español | Spanisch"/>
		<node name="eu" value="Euskara | Baskisch"/>
		<node name="fa" value="فارسی | Persisch"/>
		<node name="fi" value="Suomi | Finnisch"/>
		<node name="fr" value="Français | Französisch"/>
		<node name="gl" value="Galego | Galicisch"/>
		<node name="he" value="עברית | Hebräisch"/>
		<node name="hu" value="Magyar | Ungarisch"/>
		<node name="hy" value="Հայերէն | Armenisch"/>
		<node name="id" value="Bahasa Indonesia | Indonesisch"/>
		<node name="it" value="Italiano | Italienisch"/>
		<node name="ja" value="日本語 | Japanisch"/>
		<node name="ka" value="ქართული | Georgisch"/>
		<node name="ko" value="한국어 | Koreanisch"/>
		<node name="lt" value="Lietuvių | Litauisch"/>
		<node name="nb" value="Norsk bokmål | Norwegisch"/>
		<node name="nl" value="Nederlands | Niederländisch"/>
		<node name="pl" value="Polski | Polnisch"/>
		<node name="pt" value="Português | Portugiesisch"/>
		<node name="ro" value="Română | Rumänisch"/>
		<node name="ru" value="русский | Russisch"/>
		<node name="sr" value="Српски | Serbisch"/>
		<node name="sv" value="Svenska | Schwedisch"/>
		<node name="ta" value="தமிழ் | Tamilisch"/>
		<node name="th" value="ไทย | Thailändich"/>
		<node name="tr" value="Türkçe | Türkisch"/>
		<node name="uk" value="українська | Ukrainisch"/>
		<node name="vi" value="Tiếng Việt | Vietnamesisch"/>
		<node name="zh" value="中文（简体中文） | Chinesisch"/>
		<node name="zh_TW" value="中文（繁體中文） | Chinesisch (traditionell)"/>
		<node name="any" value="Any | Beliebig"/>
		<node name="other" value="Other | Andere"/>
		<node name="multi" value="Multi | Mehrsprachig"/>
		<node name="system" value="System | Systemsprache"/>
	</node>
	<node name="boolean3">
		<node name="on" value="ein"/>
		<node name="off" value="aus"/>
		<node name="unchanged" value="unverändert"/>
	</node>
	<node name="keyOptionView">
		<node name="actionFor" value="Aktion für Taste"/>
	</node>
</resources>
