<?xml version="1.0" encoding="UTF-8"?>
<!-- Hungarian zlibrary resources, by L. B. Szabó.  -->
<resources>
	<node name="dialog">
		<node name="button">
			<node name="ok" value="OK"/>
			<node name="cancel" value="Mégsem"/>
			<node name="yes" value="Igen"/>
			<node name="no" value="Nem"/>
			<node name="apply" value="Alkalmaz"/>
		</node>
		<node name="networkError">
			<node name="title" value="Hálózati hiba"/>
			<node name="unknownErrorMessage" value="Ismeretlen hiba"/>
			<node name="operationTimedOutMessage" value="Időtúllépés"/>
			<node name="somethingWrongMessage" value="Valami hiba történt&#10;%s"/>
			<node name="couldntCreateDirectoryMessage" value="Könyvtár létrhozása sikertelen&#10;%s"/>
			<node name="couldntCreateFileMessage" value="Fájl létrehozása sikertelen&#10;%s"/>
			<node name="couldntConnectMessage" value="Csatlakozás sikertelen&#10;%s"/>
			<node name="couldntResolveHostMessage" value="A(z) %s gépnév nem felismerhető"/>
			<node name="authenticationFailed" value="Hitelesítés sikertelen"/>
			<node name="unsupportedProtocol" value="Nem támogatott protokoll"/>
			<node name="invalidURL" value="Érvénytelen URL"/>
			<node name="hostCantBeReached" value="%s&#10;kiszolgáló nem elérhető"/>
			<node name="connectionRefused" value="%s&#10;bontotta a kapcsolatot"/>
			<node name="networkNotAvailable" value="Network is not available" toBeTranslated="true"/>
		</node>
	</node>
	<node name="color">
		<node name="red" value="Piros"/>
		<node name="green" value="Zöld"/>
		<node name="blue" value="Kék"/>
	</node>
	<node name="language">
		<node name="ar" value="Arab"/>
		<node name="be" value="Belarusz"/>
		<node name="bg" value="Bolgár"/>
		<node name="ca" value="Katalán"/>
		<node name="cs" value="Cseh"/>
		<node name="da" value="Dán"/>
		<node name="de" value="Német"/>
		<node name="de-traditional" value="Német (hagyományos)"/>
		<node name="el" value="Görög"/>
		<node name="en" value="Angol"/>
		<node name="en_US" value="English (US)" toBeTranslated="true"/>
		<node name="eo" value="Eszperantó"/>
		<node name="es" value="Spanyol"/>
		<node name="eu" value="Baszk"/>
		<node name="fa" value="Perzsa"/>
		<node name="fi" value="Finn"/>
		<node name="fr" value="Francia"/>
		<node name="gl" value="Galíciai"/>
		<node name="he" value="Héber"/>
		<node name="hu" value="Magyar"/>
		<node name="hy" value="Örmény"/>
		<node name="id" value="Indonéz"/>
		<node name="it" value="Olasz"/>
		<node name="ja" value="Japanese" toBeTranslated="true"/>
		<node name="ka" value="Grúz"/>
		<node name="ko" value="Korean" toBeTranslated="true"/>
		<node name="lt" value="Litván"/>
		<node name="nb" value="Norvég"/>
		<node name="nl" value="Holland"/>
		<node name="pl" value="Lengyel"/>
		<node name="pt" value="Portugál"/>
		<node name="ro" value="Román"/>
		<node name="ru" value="Orosz"/>
		<node name="sr" value="Szerb"/>
		<node name="sv" value="Svéd"/>
		<node name="ta" value="Tamil"/>
		<node name="th" value="Thai"/>
		<node name="tr" value="Török"/>
		<node name="uk" value="Ukrán"/>
		<node name="vi" value="Vietnami"/>
		<node name="zh" value="Kínai"/>
		<node name="zh_TW" value="Kínai (hagyományos)"/>
		<node name="any" value="Bármelyik"/>
		<node name="other" value="Egyéb"/>
		<node name="multi" value="Többnyelvű"/>
		<node name="system" value="Rendszer"/>
	</node>
	<node name="boolean3">
		<node name="on" value="be"/>
		<node name="off" value="ki"/>
		<node name="unchanged" value="változatlan"/>
	</node>
	<node name="keyOptionView">
		<node name="actionFor" value="Végrehajtandó feladat"/>
	</node>
</resources>
