<?xml version="1.0" encoding="UTF-8"?>
<resources>
	<node name="dialog">
		<node name="button">
			<node name="ok" value="Ok"/>
			<node name="cancel" value="Cancelar"/>
			<node name="yes" value="Sim"/>
			<node name="no" value="Não"/>
			<node name="apply" value="Aplicar"/>
		</node>
		<node name="networkError">
			<node name="title" value="Erro de rede"/>
			<node name="unknownErrorMessage" value="Erro desconhecido"/>
			<node name="operationTimedOutMessage" value="Tempo de operação esgotou"/>
			<node name="somethingWrongMessage" value="Algo está errado para %s"/>
			<node name="couldntCreateDirectoryMessage" value="Não foi possível criar o diretório %s"/>
			<node name="couldntCreateFileMessage" value="Não foi possível criar o arquivo %s"/>
			<node name="couldntConnectMessage" value="Não foi possível ligar ao host %s"/>
			<node name="couldntResolveHostMessage" value="Não foi possível resolver host %s"/>
			<node name="authenticationFailed" value="Falha na autenticação"/>
			<node name="unsupportedProtocol" value="Protocolo não suportado"/>
			<node name="invalidURL" value="URL inválido"/>
			<node name="hostCantBeReached" value="Host %s não pode ser alcançado"/>
			<node name="connectionRefused" value="A ligação foi recusada por %s"/>
			<node name="networkNotAvailable" value="Rede não disponível"/>
		</node>
	</node>
	<node name="color">
		<node name="red" value="Vermelho"/>
		<node name="green" value="Verde"/>
		<node name="blue" value="Azul"/>
	</node>
	<node name="language">
		<node name="ar" value="Árabe"/>
		<node name="be" value="Bielorusso"/>
		<node name="bg" value="Búlgaro"/>
		<node name="ca" value="Catalão"/>
		<node name="cs" value="Checo"/>
		<node name="da" value="Dinamarquês"/>
		<node name="de" value="Alemão"/>
		<node name="de-traditional" value="Alemão (ortografia tradicional)"/>
		<node name="el" value="Grego"/>
		<node name="en" value="Inglês"/>
		<node name="en_US" value="English (US)" toBeTranslated="true"/>
		<node name="eo" value="Esperanto"/>
		<node name="es" value="Espanhol"/>
		<node name="eu" value="Basco"/>
		<node name="fa" value="Persa"/>
		<node name="fi" value="Finlandês"/>
		<node name="fr" value="Francês"/>
		<node name="gl" value="Galego"/>
		<node name="he" value="Hebraico"/>
		<node name="hu" value="Húngaro"/>
		<node name="hy" value="Arménio"/>
		<node name="id" value="Indonésio"/>
		<node name="it" value="Italiano"/>
		<node name="ja" value="Japonês"/>
		<node name="ka" value="Georgiano"/>
		<node name="ko" value="Coreano"/>
		<node name="lt" value="Lituano"/>
		<node name="nb" value="Norueguês"/>
		<node name="nl" value="Holandês"/>
		<node name="pl" value="Polonês"/>
		<node name="pt" value="Português"/>
		<node name="ro" value="Romeno"/>
		<node name="ru" value="Russo"/>
		<node name="sr" value="Sérvio"/>
		<node name="sv" value="Sueco"/>
		<node name="ta" value="Tâmil"/>
		<node name="th" value="Tailandês"/>
		<node name="tr" value="Turco"/>
		<node name="uk" value="Ucraniano"/>
		<node name="vi" value="Vietnamita"/>
		<node name="zh" value="Chinês"/>
		<node name="zh_TW" value="Chinês (tradicional)"/>
		<node name="any" value="Qualquer"/>
		<node name="other" value="Outro"/>
		<node name="multi" value="Multi-idioma"/>
		<node name="system" value="Sistema"/>
	</node>
	<node name="boolean3">
		<node name="on" value="Ligado"/>
		<node name="off" value="Desligado"/>
		<node name="unchanged" value="Inalterado"/>
	</node>
	<node name="keyOptionView">
		<node name="actionFor" value="Ação para Tecla"/>
	</node>
</resources>
