<?xml version="1.0" encoding="UTF-8"?>
<!-- Updated by girlea_alex@yahoo.com, Jun 21 of 2015 -->
<!-- Updated by girlea_alex@yahoo.com, Jul 6 of 2014 -->
<resources>
	<node name="dialog">
		<node name="button">
			<node name="ok" value="Ok"/>
			<node name="cancel" value="Anuleaza"/>
			<node name="yes" value="Da"/>
			<node name="no" value="Nu"/>
			<node name="apply" value="Aplica"/>
		</node>
		<node name="networkError">
			<node name="title" value="Eroare conexiune"/>
			<node name="unknownErrorMessage" value="Eroare necunoscuta"/>
			<node name="operationTimedOutMessage" value="Timpul alocat operatiunii a expirat"/>
			<node name="somethingWrongMessage" value="Ceva nu a mers bine pentru&#10;%s"/>
			<node name="couldntCreateDirectoryMessage" value="Crearea directorului &#10;%s a esuat"/>
			<node name="couldntCreateFileMessage" value="Crearea fisierului &#10;%s a esuat"/>
			<node name="couldntConnectMessage" value="Conexiunea la serverul &#10;%s a esuat"/>
			<node name="couldntResolveHostMessage" value="Eroare DNS catre serverul &#10;%s"/>
			<node name="authenticationFailed" value="Eroare autentificare"/>
			<node name="unsupportedProtocol" value="Protocol neacceptat"/>
			<node name="invalidURL" value="URL Invalid"/>
			<node name="hostCantBeReached" value="Serverul %s&#10; nu poate fi contactat"/>
			<node name="connectionRefused" value="Conexiunea a fost refuzata de &#10;%s"/>
			<node name="networkNotAvailable" value="Reteaua nu este disponibila"/>
		</node>
	</node>
	<node name="color">
		<node name="red" value="Rosu"/>
		<node name="green" value="Verde"/>
		<node name="blue" value="Albastru"/>
	</node>
	<node name="language">
		<node name="ar" value="Araba"/>
		<node name="be" value="Belarusa"/>
		<node name="bg" value="Bulgara"/>
		<node name="ca" value="Catalana"/>
		<node name="cs" value="Ceha"/>
		<node name="da" value="Daneza"/>
		<node name="de" value="Germana"/>
		<node name="de-traditional" value="Germana (traditionala)"/>
		<node name="el" value="Greaca"/>
		<node name="en" value="Engleza"/>
		<node name="en_US" value="English (US)" toBeTranslated="true"/>
		<node name="eo" value="Esperanto"/>
		<node name="es" value="Spaniola"/>
		<node name="eu" value="Basca"/>
		<node name="fa" value="Persiana"/>
		<node name="fi" value="Finlandeza"/>
		<node name="fr" value="Franceza"/>
		<node name="gl" value="Galiciana"/>
		<node name="he" value="Ebraica"/>
		<node name="hu" value="Ungara"/>
		<node name="hy" value="Armeana"/>
		<node name="id" value="Indoneziana"/>
		<node name="it" value="Italiana"/>
		<node name="ja" value="Japoneza"/>
		<node name="ka" value="Georgiana"/>
		<node name="ko" value="Koreana"/>
		<node name="lt" value="Lituaniana"/>
		<node name="nb" value="Norvegiana"/>
		<node name="nl" value="Olandeza"/>
		<node name="pl" value="Poloneaza"/>
		<node name="pt" value="Portugheza"/>
		<node name="ro" value="Româna"/>
		<node name="ru" value="Rusa"/>
		<node name="sr" value="Sirba"/>
		<node name="sv" value="Suedeza"/>
		<node name="ta" value="Tamila"/>
		<node name="th" value="Tailandeza"/>
		<node name="tr" value="Turca"/>
		<node name="uk" value="Ucrainiana"/>
		<node name="vi" value="Vietnameza"/>
		<node name="zh" value="Chineza"/>
		<node name="zh_TW" value="Chineza(traditionala)"/>
		<node name="any" value="Oricare"/>
		<node name="other" value="Altele"/>
		<node name="multi" value="Mai multe limbi"/>
		<node name="system" value="Sistem"/>
	</node>
	<node name="boolean3">
		<node name="on" value="deschis"/>
		<node name="off" value="inchis"/>
		<node name="unchanged" value="neschimbat"/>
	</node>
	<node name="keyOptionView">
		<node name="actionFor" value="Functionalitatea Tastei"/>
	</node>
</resources>
