<?xml version="1.0" encoding="UTF-8"?>
<!-- Ukrainian zlibrary resources, by Dmytro Shevchenko, Nazariy Makarenko -->
<resources>
	<node name="dialog">
		<node name="button">
			<node name="ok" value="ОК"/>
			<node name="cancel" value="Відмінити"/>
			<node name="yes" value="Так"/>
			<node name="no" value="Ні"/>
			<node name="apply" value="Застосувати"/>
		</node>
		<node name="networkError">
			<node name="title" value="Помилка при роботі з мережею"/>
			<node name="unknownErrorMessage" value="Невідома помилка"/>
			<node name="operationTimedOutMessage" value="Відведений час вичерпаний"/>
			<node name="somethingWrongMessage" value="Помилка при роботі з&#10;%s"/>
			<node name="couldntCreateDirectoryMessage" value="Не вдалося створити теку&#10;%s"/>
			<node name="couldntCreateFileMessage" value="Не вдалося створити файл&#10;%s"/>
			<node name="couldntConnectMessage" value="Не вдалося з’єднатися з сайтом&#10;%s"/>
			<node name="couldntResolveHostMessage" value="Не вдається знайти сайт&#10;%s"/>
			<node name="authenticationFailed" value="Помилка авторизації"/>
			<node name="unsupportedProtocol" value="Невідомий протокол"/>
			<node name="invalidURL" value="Неправильний URL"/>
			<node name="hostCantBeReached" value="Сайт %s недоступний"/>
			<node name="connectionRefused" value="З’єднання закрите сайтом&#10;%s"/>
			<node name="networkNotAvailable" value="Network is not available" toBeTranslated="true"/>
		</node>
	</node>
	<node name="color">
		<node name="red" value="Червоний"/>
		<node name="green" value="Зелений"/>
		<node name="blue" value="Синій"/>
	</node>
	<node name="language">
		<node name="ar" value="арабська"/>
		<node name="be" value="Belarusian" toBeTranslated="true"/>
		<node name="bg" value="Bulgarian" toBeTranslated="true"/>
		<node name="ca" value="Catalan" toBeTranslated="true"/>
		<node name="cs" value="чеська"/>
		<node name="da" value="Danish" toBeTranslated="true"/>
		<node name="de" value="німецька"/>
		<node name="de-traditional" value="німецька (стара орфографія)"/>
		<node name="el" value="грецька"/>
		<node name="en" value="англійська"/>
		<node name="en_US" value="English (US)" toBeTranslated="true"/>
		<node name="eo" value="есперанто"/>
		<node name="es" value="іспанська"/>
		<node name="eu" value="Basque" toBeTranslated="true"/>
		<node name="fa" value="Persian" toBeTranslated="true"/>
		<node name="fi" value="фінська"/>
		<node name="fr" value="французька"/>
		<node name="gl" value="галицька"/>
		<node name="he" value="іврит"/>
		<node name="hu" value="угорська"/>
		<node name="hy" value="Armenian" toBeTranslated="true"/>
		<node name="id" value="індонезійська"/>
		<node name="it" value="італійська"/>
		<node name="ja" value="Japanese" toBeTranslated="true"/>
		<node name="ka" value="Georgian" toBeTranslated="true"/>
		<node name="ko" value="Korean" toBeTranslated="true"/>
		<node name="lt" value="литовська"/>
		<node name="nb" value="норвезька"/>
		<node name="nl" value="голландська"/>
		<node name="pl" value="польська"/>
		<node name="pt" value="португальська"/>
		<node name="ro" value="румунська"/>
		<node name="ru" value="російська"/>
		<node name="sr" value="Serbian" toBeTranslated="true"/>
		<node name="sv" value="шведська"/>
		<node name="ta" value="тамільська"/>
		<node name="th" value="тайська"/>
		<node name="tr" value="турецька"/>
		<node name="uk" value="українська"/>
		<node name="vi" value="в’єтнамська"/>
		<node name="zh" value="китайська"/>
		<node name="zh_TW" value="Chinese (traditional)" toBeTranslated="true"/>
		<node name="any" value="Any" toBeTranslated="true"/>
		<node name="other" value="інша"/>
		<node name="multi" value="Мультимовна"/>
		<node name="system" value="System" toBeTranslated="true"/>
	</node>
	<node name="boolean3">
		<node name="on" value="увімкнути"/>
		<node name="off" value="вимкнути"/>
		<node name="unchanged" value="не міняти"/>
	</node>
	<node name="keyOptionView">
		<node name="actionFor" value="Дія для"/>
	</node>
</resources>
