{
    "type": "object",
    "properties": {
        "path": {
            "type": "string"
        },
        "latest_remote_commit": {
            "type": "string"
        },
        "committer": {
            "type": "object",
            "properties": {
                "name": {
                    "type": "string"
                },
                "email": {
                    "type": "string"
                }
            },
            "required": ["name", "email"]
        }
    },
    "required": ["path", "latest_remote_commit", "committer"]

}
